CATEGORY,,,,,,,,,,CITY,,,,
Plein tarif,,,,,,,,,,Uvrier,,,,
Plein tarif,,,,,,,,,,Uvrier,,,,
Plein tarif,,,,,,,,,,Bramois,,,,
Plein tarif,,,,,,,,,,Bramois,,,,
Plein tarif,,,,,,,,,,Fully,,,,
Plein tarif,,,,,,,,,,Fully,,,,
Plein tarif,,,,,,,,,,Chambésy,,,,
Plein tarif,,,,,,,,,,Chambésy,,,,
Plein tarif,,,,,,,,,,Lausanne,,,,
Plein tarif,,,,,,,,,,Lausanne,,,,
Plein tarif,,,,,,,,,,Savièse,,,,
Plein tarif,,,,,,,,,,Savièse,,,,
Plein tarif,,,,,,,,,,La Conversion,,,,
Plein tarif,,,,,,,,,,La Conversion,,,,
Plein tarif,,,,,,,,,,Mont sur Rolle,,,,
Plein tarif,,,,,,,,,,Mont sur Rolle,,,,
Plein tarif,,,,,,,,,,Fully,,,,
Plein tarif,,,,,,,,,,Geneve,,,,
Plein tarif,,,,,,,,,,Geneve,,,,
Plein tarif,,,,,,,,,,Lausanne,,,,
Plein tarif,,,,,,,,,,St-Léonard,,,,
Plein tarif,,,,,,,,,,St-Léonard,,,,
Plein tarif,,,,,,,,,,Sion,,,,
Plein tarif,,,,,,,,,,Lausanne,,,,
Plein tarif,,,,,,,,,,Lausanne,,,,
Plein tarif,,,,,,,,,,Lovens,,,,
Plein tarif,,,,,,,,,,Lovens,,,,
Plein tarif,,,,,,,,,,Lovens,,,,
Plein tarif,,,,,,,,,,Lovens,,,,
Plein tarif,,,,,,,,,,Lonay,,,,
Plein tarif,,,,,,,,,,Lovens,,,,
Plein tarif,,,,,,,,,,Bière,,,,
Plein tarif,,,,,,,,,,Sierre,,,,
Plein tarif,,,,,,,,,,Sierre,,,,
Plein tarif,,,,,,,,,,Sierre,,,,
Plein tarif,,,,,,,,,,Nyon,,,,
Plein tarif,,,,,,,,,,Nyon,,,,
Plein tarif,,,,,,,,,,Arbaz,,,,
Plein tarif,,,,,,,,,,Arbaz,,,,
Plein tarif,,,,,,,,,,Chavannes-près-Renens,,,,
Plein tarif,,,,,,,,,,Chavannes-près-Renens,,,,
Plein tarif,,,,,,,,,,Neuchâtel,,,,
Plein tarif,,,,,,,,,,Saillon,,,,
Plein tarif,,,,,,,,,,Saillon,,,,
Plein tarif,,,,,,,,,,Daillon,,,,
Plein tarif,,,,,,,,,,Genève,,,,
Plein tarif,,,,,,,,,,Genève,,,,
Plein tarif,,,,,,,,,,Morges,,,,
Plein tarif,,,,,,,,,,Bex,,,,
Plein tarif,,,,,,,,,,Bex,,,,
Plein tarif,,,,,,,,,,Troinex,,,,
Plein tarif,,,,,,,,,,Troinex,,,,
Plein tarif,,,,,,,,,,Troinex,,,,
Plein tarif,,,,,,,,,,Troinex,,,,
Plein tarif,,,,,,,,,,Troinex,,,,
Plein tarif,,,,,,,,,,Pully,,,,
Plein tarif,,,,,,,,,,Verbier,,,,
Plein tarif,,,,,,,,,,Verbier,,,,
Plein tarif,,,,,,,,,,Bramois,,,,
Plein tarif,,,,,,,,,,Sion,,,,
Plein tarif,,,,,,,,,,Sion,,,,
Plein tarif,,,,,,,,,,Daillon,,,,
Plein tarif,,,,,,,,,,Daillon,,,,
Plein tarif,,,,,,,,,,Bramois,,,,
Plein tarif,,,,,,,,,,Sion,,,,
Plein tarif,,,,,,,,,,Fribourg,,,,
Plein tarif,,,,,,,,,,Fribourg,,,,
Plein tarif,,,,,,,,,,Fribourg,,,,
Plein tarif,,,,,,,,,,Fribourg,,,,
Plein tarif,,,,,,,,,,Genève,,,,
Plein tarif,,,,,,,,,,Genève,,,,
Plein tarif,,,,,,,,,,Lausanne,,,,
Plein tarif,,,,,,,,,,Lausanne,,,,
Plein tarif,,,,,,,,,,Fribourg,,,,
Plein tarif,,,,,,,,,,Chatelaine,,,,
Plein tarif,,,,,,,,,,Chatelaine,,,,
Plein tarif,,,,,,,,,,Vernayaz,,,,
Plein tarif,,,,,,,,,,Sierre,,,,
Plein tarif,,,,,,,,,,Bramois,,,,
Plein tarif,,,,,,,,,,Bramois,,,,
Plein tarif,,,,,,,,,,Conthey,,,,
Plein tarif,,,,,,,,,,Conthey,,,,
Plein tarif,,,,,,,,,,Conthey,,,,
Plein tarif,,,,,,,,,,Troistorrents,,,,
Plein tarif,,,,,,,,,,Termen,,,,
Plein tarif,,,,,,,,,,Termen,,,,
Plein tarif,,,,,,,,,,Termen,,,,
Plein tarif,,,,,,,,,,Termen,,,,
Plein tarif,,,,,,,,,,Sierre,,,,
Plein tarif,,,,,,,,,,Sierre,,,,
Plein tarif,,,,,,,,,,Sierre,,,,
Plein tarif,,,,,,,,,,Sion,,,,
Plein tarif,,,,,,,,,,Sion,,,,
Plein tarif,,,,,,,,,,Grandevent,,,,
Invitation,,,,,,,,,,,,,,
Invitation,,,,,,,,,,,,,,
Plein tarif,,,,,,,,,,Sion,,,,
Plein tarif,,,,,,,,,,Sion,,,,
Plein tarif,,,,,,,,,,St-Léonard,,,,
Plein tarif,,,,,,,,,,St-Léonard,,,,
Plein tarif,,,,,,,,,,Lausanne,,,,
Plein tarif,,,,,,,,,,Martigny,,,,
Plein tarif,,,,,,,,,,Martigny,,,,
Plein tarif,,,,,,,,,,Martigny,,,,
Plein tarif,,,,,,,,,,Martigny,,,,
Plein tarif,,,,,,,,,,Savièse,,,,
Plein tarif,,,,,,,,,,Bienne,,,,
Plein tarif,,,,,,,,,,Bienne,,,,
Plein tarif,,,,,,,,,,Porza,,,,
Plein tarif,,,,,,,,,,Porza,,,,
Plein tarif,,,,,,,,,,Chene Bougeries,,,,
Plein tarif,,,,,,,,,,Chene Bougeries,,,,
Plein tarif,,,,,,,,,,chens sur leman,,,,
Plein tarif,,,,,,,,,,chens sur leman,,,,
Plein tarif,,,,,,,,,,chens sur leman,,,,
Plein tarif,,,,,,,,,,chens sur leman,,,,
Plein tarif,,,,,,,,,,Solothurn,,,,
Plein tarif,,,,,,,,,,Lausanne,,,,
Plein tarif,,,,,,,,,,Lausanne,,,,
Plein tarif,,,,,,,,,,Sion,,,,
Plein tarif,,,,,,,,,,Sion,,,,
Plein tarif,,,,,,,,,,Lausanne,,,,
Plein tarif,,,,,,,,,,Vevey,,,,
Plein tarif,,,,,,,,,,Lonay,,,,
Plein tarif,,,,,,,,,,Soral,,,,
Plein tarif,,,,,,,,,,Fribourg,,,,
Plein tarif,,,,,,,,,,Fribourg,,,,
Plein tarif,,,,,,,,,,Fribourg,,,,
Plein tarif,,,,,,,,,,Fribourg,,,,
Plein tarif,,,,,,,,,,Fribourg,,,,
Plein tarif,,,,,,,,,,Fribourg,,,,
Plein tarif,,,,,,,,,,Fribourg,,,,
Plein tarif,,,,,,,,,,Savièse,,,,
Plein tarif,,,,,,,,,,Verbier,,,,
Plein tarif,,,,,,,,,,Verbier,,,,
Plein tarif,,,,,,,,,,Verbier,,,,
Plein tarif,,,,,,,,,,Verbier,,,,
Plein tarif,,,,,,,,,,Fully,,,,
Plein tarif,,,,,,,,,,Penthalaz,,,,
Plein tarif,,,,,,,,,,Martigny,,,,
Plein tarif,,,,,,,,,,Martigny,,,,
Plein tarif,,,,,,,,,,Prez-vers-Noréaz,,,,
Plein tarif,,,,,,,,,,Prez-vers-Noréaz,,,,
Plein tarif,,,,,,,,,,Le Mont-sur-Lausanne,,,,
Plein tarif,,,,,,,,,,Le Mont-sur-Lausanne,,,,
Plein tarif,,,,,,,,,,la conversion,,,,
Plein tarif,,,,,,,,,,la conversion,,,,
Plein tarif,,,,,,,,,,Salins,,,,
Plein tarif,,,,,,,,,,Salins,,,,
Plein tarif,,,,,,,,,,Salins,,,,
Plein tarif,,,,,,,,,,Sion,,,,
Plein tarif,,,,,,,,,,Echichens,,,,
Plein tarif,,,,,,,,,,Echichens,,,,
Plein tarif,,,,,,,,,,Geneve,,,,
Plein tarif,,,,,,,,,,Geneve,,,,
Plein tarif,,,,,,,,,,Geneve,,,,
Plein tarif,,,,,,,,,,Geneve,,,,
Plein tarif,,,,,,,,,,Lausanne,,,,
Plein tarif,,,,,,,,,,Lausanne,,,,
Plein tarif,,,,,,,,,,Fey,,,,
Plein tarif,,,,,,,,,,Fey,,,,
Plein tarif,,,,,,,,,,Lausanne,,,,
Plein tarif,,,,,,,,,,Lausanne,,,,
Plein tarif,,,,,,,,,,Martigny,,,,
Plein tarif,,,,,,,,,,Martigny,,,,
Plein tarif,,,,,,,,,,Neuchâtel,,,,
Plein tarif,,,,,,,,,,Nax,,,,
Plein tarif,,,,,,,,,,Sion,,,,
Plein tarif,,,,,,,,,,Sion,,,,
Plein tarif,,,,,,,,,,Genève,,,,
Plein tarif,,,,,,,,,,Genève,,,,
Plein tarif,,,,,,,,,,Sion,,,,
Plein tarif,,,,,,,,,,Yverdon-les-Bains,,,,
Plein tarif,,,,,,,,,,Yverdon-les-Bains,,,,
Plein tarif,,,,,,,,,,Saint-Martin,,,,
Plein tarif,,,,,,,,,,Saint-Martin,,,,
Plein tarif,,,,,,,,,,Saint-Martin,,,,
Plein tarif,,,,,,,,,,Saint-Martin,,,,
Plein tarif,,,,,,,,,,Saint-Martin,,,,
Plein tarif,,,,,,,,,,GENÈVE,,,,
Invitation,,,,,,,,,,,,,,
Invitation,,,,,,,,,,,,,,
Invitation,,,,,,,,,,,,,,
Invitation,,,,,,,,,,,,,,
Invitation,,,,,,,,,,,,,,
Invitation,,,,,,,,,,,,,,
Plein tarif,,,,,,,,,,Lausanne,,,,
Plein tarif,,,,,,,,,,Morges,,,,
Plein tarif,,,,,,,,,,Morges,,,,
Plein tarif,,,,,,,,,,Martigny,,,,
Plein tarif,,,,,,,,,,Martigny,,,,
Plein tarif,,,,,,,,,,Nyon,,,,
Plein tarif,,,,,,,,,,Nyon,,,,
Plein tarif,,,,,,,,,,Neuchâtel,,,,
Plein tarif,,,,,,,,,,Pully,,,,
Plein tarif,,,,,,,,,,Pully,,,,
Plein tarif,,,,,,,,,,Lausanne,,,,
Plein tarif,,,,,,,,,,Troistorrents,,,,
Plein tarif,,,,,,,,,,Zurich,,,,
Plein tarif,,,,,,,,,,Lalden,,,,
Plein tarif,,,,,,,,,,Lalden,,,,
Plein tarif,,,,,,,,,,Lausanne,,,,
Plein tarif,,,,,,,,,,Lausanne,,,,
Plein tarif,,,,,,,,,,Genève,,,,
Plein tarif,,,,,,,,,,Genève,,,,
Plein tarif,,,,,,,,,,Lausanne,,,,
Plein tarif,,,,,,,,,,Marly,,,,
Plein tarif,,,,,,,,,,Marly,,,,
Plein tarif,,,,,,,,,,Marly,,,,
Plein tarif,,,,,,,,,,Marly,,,,
Plein tarif,,,,,,,,,,Morges,,,,
Plein tarif,,,,,,,,,,Morges,,,,
Plein tarif,,,,,,,,,,Genève,,,,
Plein tarif,,,,,,,,,,Genève,,,,
Plein tarif,,,,,,,,,,Onex,,,,
Plein tarif,,,,,,,,,,Onex,,,,
Plein tarif,,,,,,,,,,Onex,,,,
Invitation,,,,,,,,,,,,,,
Invitation,,,,,,,,,,,,,,
Invitation,,,,,,,,,,,,,,
Invitation,,,,,,,,,,,,,,
Invitation,,,,,,,,,,,,,,
Invitation,,,,,,,,,,,,,,
Invitation,,,,,,,,,,,,,,
Invitation,,,,,,,,,,,,,,
Plein tarif,,,,,,,,,,Saxon,,,,
Plein tarif,,,,,,,,,,Saxon,,,,
Plein tarif,,,,,,,,,,Ardon,,,,
Plein tarif,,,,,,,,,,Romanel-sur-Lausanne,,,,
Plein tarif,,,,,,,,,,Lausanne,,,,
Plein tarif,,,,,,,,,,Lausanne,,,,
Plein tarif,,,,,,,,,,Lausanne,,,,
Plein tarif,,,,,,,,,,Lausanne,,,,
Invitation,,,,,,,,,,,,,,
Invitation,,,,,,,,,,,,,,
Invitation,,,,,,,,,,,,,,
Invitation,,,,,,,,,,,,,,
Invitation,,,,,,,,,,,,,,
Invitation,,,,,,,,,,,,,,
Invitation,,,,,,,,,,,,,,
Invitation,,,,,,,,,,,,,,
Plein tarif,,,,,,,,,,Lausanne,,,,
Plein tarif,,,,,,,,,,Lausanne,,,,
Plein tarif,,,,,,,,,,Lausanne,,,,
Plein tarif,,,,,,,,,,Lausanne,,,,
Plein tarif,,,,,,,,,,Lausanne,,,,
Invitation,,,,,,,,,,,,,,
Invitation,,,,,,,,,,,,,,
Invitation,,,,,,,,,,,,,,
Invitation,,,,,,,,,,,,,,
Invitation,,,,,,,,,,,,,,
Invitation,,,,,,,,,,,,,,
Plein tarif,,,,,,,,,,La Croix (Lutry),,,,
Plein tarif,,,,,,,,,,La Croix (Lutry),,,,
Plein tarif,,,,,,,,,,Lausanne,,,,
Plein tarif,,,,,,,,,,Lausanne,,,,
Plein tarif,,,,,,,,,,Lausanne,,,,
Plein tarif,,,,,,,,,,Lausanne,,,,
Plein tarif,,,,,,,,,,Paris,,,,
Plein tarif,,,,,,,,,,Paris,,,,
Plein tarif,,,,,,,,,,Paris,,,,
Plein tarif,,,,,,,,,,Meudon,,,,
Plein tarif,,,,,,,,,,Basse-Nendaz,,,,
Plein tarif,,,,,,,,,,Basse-Nendaz,,,,
Plein tarif,,,,,,,,,,Le Châble,,,,
Plein tarif,,,,,,,,,,Le Châble,,,,
Plein tarif,,,,,,,,,,tolochenaz,,,,
Plein tarif,,,,,,,,,,tolochenaz,,,,
Plein tarif,,,,,,,,,,Bovernier,,,,
Plein tarif,,,,,,,,,,Bovernier,,,,
Plein tarif,,,,,,,,,,Chemin,,,,
Plein tarif,,,,,,,,,,Chemin,,,,
Plein tarif,,,,,,,,,,Chemin,,,,
Plein tarif,,,,,,,,,,Chemin,,,,
Plein tarif,,,,,,,,,,Tannay,,,,
Plein tarif,,,,,,,,,,Tannay,,,,
Plein tarif,,,,,,,,,,Lonay,,,,
Plein tarif,,,,,,,,,,Lonay,,,,
Plein tarif,,,,,,,,,,Morzine,,,,
Plein tarif,,,,,,,,,,Lausanne,,,,
Plein tarif,,,,,,,,,,Lausanne,,,,
Plein tarif,,,,,,,,,,Hérémence,,,,
Plein tarif,,,,,,,,,,Hérémence,,,,
Plein tarif,,,,,,,,,,Lausanne,,,,
Plein tarif,,,,,,,,,,Lausanne,,,,
Plein tarif,,,,,,,,,,Lausanne,,,,
Plein tarif,,,,,,,,,,Yverdon,,,,
Plein tarif,,,,,,,,,,Orges,,,,
Plein tarif,,,,,,,,,,Orges,,,,
Plein tarif,,,,,,,,,,Kriens,,,,
Plein tarif,,,,,,,,,,Kriens,,,,
Plein tarif,,,,,,,,,,Kriens,,,,
Plein tarif,,,,,,,,,,Kriens,,,,
Plein tarif,,,,,,,,,,Lausanne,,,,
Plein tarif,,,,,,,,,,Lausanne,,,,
Plein tarif,,,,,,,,,,Genève,,,,
Plein tarif,,,,,,,,,,Genève,,,,
Plein tarif,,,,,,,,,,Genève,,,,
Plein tarif,,,,,,,,,,Genève,,,,
Plein tarif,,,,,,,,,,Orbe,,,,
Plein tarif,,,,,,,,,,Sion,,,,
Plein tarif,,,,,,,,,,Sion,,,,
Plein tarif,,,,,,,,,,Savièse,,,,
Plein tarif,,,,,,,,,,Morzine,,,,
Plein tarif,,,,,,,,,,Savièse,,,,
Plein tarif,,,,,,,,,,Lausanne,,,,
Plein tarif,,,,,,,,,,Lausanne,,,,
Plein tarif,,,,,,,,,,Saint-Sulpice,,,,
Plein tarif,,,,,,,,,,Saint-Sulpice,,,,
Plein tarif,,,,,,,,,,Massongex,,,,
Plein tarif,,,,,,,,,,Massongex,,,,
Plein tarif,,,,,,,,,,Lausanne,,,,
Plein tarif,,,,,,,,,,Corminboeuf,,,,
Plein tarif,,,,,,,,,,Corminboeuf,,,,
Plein tarif,,,,,,,,,,La Chaux-de-Fonds,,,,
Plein tarif,,,,,,,,,,Neuchâtel,,,,
Plein tarif,,,,,,,,,,Longirod,,,,
Plein tarif,,,,,,,,,,Longirod,,,,
Plein tarif,,,,,,,,,,Morzine,,,,
Plein tarif,,,,,,,,,,Moutier,,,,
Plein tarif,,,,,,,,,,La Sarraz,,,,
Plein tarif,,,,,,,,,,Blonay,,,,
Plein tarif,,,,,,,,,,Blonay,,,,
Plein tarif,,,,,,,,,,Genève,,,,
Plein tarif,,,,,,,,,,Genève,,,,
Plein tarif,,,,,,,,,,Genève,,,,
Plein tarif,,,,,,,,,,Genève,,,,
Invitation,,,,,,,,,,,,,,
Invitation,,,,,,,,,,,,,,
Invitation,,,,,,,,,,,,,,
Invitation,,,,,,,,,,,,,,
Invitation,,,,,,,,,,,,,,
Invitation,,,,,,,,,,,,,,
Invitation,,,,,,,,,,,,,,
Invitation,,,,,,,,,,,,,,
Invitation,,,,,,,,,,,,,,
Invitation,,,,,,,,,,,,,,
Invitation,,,,,,,,,,,,,,
Invitation,,,,,,,,,,,,,,
Invitation,,,,,,,,,,,,,,
Invitation,,,,,,,,,,,,,,
Invitation,,,,,,,,,,,,,,
Invitation,,,,,,,,,,,,,,
Plein tarif,,,,,,,,,,Sion,,,,
Plein tarif,,,,,,,,,,Sion,,,,
Plein tarif,,,,,,,,,,Sion,,,,
Plein tarif,,,,,,,,,,Sion,,,,
Plein tarif,,,,,,,,,,Lausanne,,,,
Plein tarif,,,,,,,,,,Martigny,,,,
Plein tarif,,,,,,,,,,Martigny,,,,
Plein tarif,,,,,,,,,,Biel,,,,
Plein tarif,,,,,,,,,,Lully,,,,
Plein tarif,,,,,,,,,,Murten,,,,
Plein tarif,,,,,,,,,,Murten,,,,
Plein tarif,,,,,,,,,,Ravoire,,,,
Plein tarif,,,,,,,,,,Ravoire,,,,
Invitation,,,,,,,,,,,,,,
Invitation,,,,,,,,,,,,,,
Invitation,,,,,,,,,,,,,,
Invitation,,,,,,,,,,,,,,
Plein tarif,,,,,,,,,,Sierre,,,,
Plein tarif,,,,,,,,,,Chêne-Bougeries,,,,
Plein tarif,,,,,,,,,,Sierre,,,,
Plein tarif,,,,,,,,,,Vevey,,,,
Plein tarif,,,,,,,,,,Verbier,,,,
Plein tarif,,,,,,,,,,Verbier,,,,
Plein tarif,,,,,,,,,,Neuchâtel,,,,
Plein tarif,,,,,,,,,,Neuchatel,,,,
Plein tarif,,,,,,,,,,Lausanne,,,,
Plein tarif,,,,,,,,,,Vétroz,,,,
Plein tarif,,,,,,,,,,Lausanne,,,,
Plein tarif,,,,,,,,,,Lausanne,,,,
Plein tarif,,,,,,,,,,St-Léonard,,,,
Plein tarif,,,,,,,,,,St-Léonard,,,,
Plein tarif,,,,,,,,,,Oberwil,,,,
Plein tarif,,,,,,,,,,Oberwil,,,,
Plein tarif,,,,,,,,,,La Tour-de-Peilz,,,,
Plein tarif,,,,,,,,,,La Tour-de-Peilz,,,,
Plein tarif,,,,,,,,,,Ravoire,,,,
Plein tarif,,,,,,,,,,Ravoire,,,,
Plein tarif,,,,,,,,,,Nyon,,,,
Plein tarif,,,,,,,,,,Nyon,,,,
Plein tarif,,,,,,,,,,Sion,,,,
Plein tarif,,,,,,,,,,Sion,,,,
Plein tarif,,,,,,,,,,Échichens,,,,
Plein tarif,,,,,,,,,,Échichens,,,,
Plein tarif,,,,,,,,,,Santa Pola,,,,
Plein tarif,,,,,,,,,,Vouvry,,,,
Plein tarif,,,,,,,,,,Lyon,,,,
Plein tarif,,,,,,,,,,Massongex,,,,
Plein tarif,,,,,,,,,,Massongex,,,,
Plein tarif,,,,,,,,,,Lausanne,,,,
Plein tarif,,,,,,,,,,Neuchâtel,,,,
Plein tarif,,,,,,,,,,Neuchâtel,,,,
Plein tarif,,,,,,,,,,Dorénaz,,,,
Plein tarif,,,,,,,,,,Dorénaz,,,,
Plein tarif,,,,,,,,,,Dorénaz,,,,
Plein tarif,,,,,,,,,,Dorénaz,,,,
Plein tarif,,,,,,,,,,SION,,,,
Plein tarif,,,,,,,,,,Sion,,,,
Plein tarif,,,,,,,,,,Lyon,,,,
Plein tarif,,,,,,,,,,Genève,,,,
Plein tarif,,,,,,,,,,Sion,,,,
Plein tarif,,,,,,,,,,Fribourg,,,,
Plein tarif,,,,,,,,,,Lausanne,,,,
Plein tarif,,,,,,,,,,Martigny,,,,
Plein tarif,,,,,,,,,,Martigny,,,,
Plein tarif,,,,,,,,,,Martigny,,,,
Plein tarif,,,,,,,,,,Zurich,,,,
Plein tarif,,,,,,,,,,Zurich,,,,
Invitation,,,,,,,,,,,,,,
Invitation,,,,,,,,,,,,,,
Invitation,,,,,,,,,,,,,,
Invitation,,,,,,,,,,,,,,
Invitation,,,,,,,,,,,,,,
Plein tarif,,,,,,,,,,Genève,,,,
Plein tarif,,,,,,,,,,Genève,,,,
Plein tarif,,,,,,,,,,Lausanne,,,,
Plein tarif,,,,,,,,,,St-Légier-Chiésaz,,,,
Plein tarif,,,,,,,,,,Lausanne,,,,
Plein tarif,,,,,,,,,,Lausanne,,,,
Plein tarif,,,,,,,,,,Bern,,,,
Plein tarif,,,,,,,,,,Bern,,,,
Plein tarif,,,,,,,,,,Bern,,,,
Plein tarif,,,,,,,,,,Bern,,,,
Plein tarif,,,,,,,,,,Sion,,,,
Plein tarif,,,,,,,,,,Biel / Bienne,,,,
Plein tarif,,,,,,,,,,Vevey,,,,
Plein tarif,,,,,,,,,,Vevey,,,,
Plein tarif,,,,,,,,,,Venthone,,,,
Plein tarif,,,,,,,,,,Lausanne,,,,
Plein tarif,,,,,,,,,,Chalais,,,,
Plein tarif,,,,,,,,,,Chalais,,,,
Plein tarif,,,,,,,,,,St-Léonard,,,,
Plein tarif,,,,,,,,,,St-Léonard,,,,
Plein tarif,,,,,,,,,,Nax,,,,
Plein tarif,,,,,,,,,,St-Légier-La Chiésaz,,,,
Plein tarif,,,,,,,,,,St-Légier-La Chiésaz,,,,
Plein tarif,,,,,,,,,,St-Légier-La Chiésaz,,,,
Plein tarif,,,,,,,,,,Les Agettes,,,,
Plein tarif,,,,,,,,,,Genève,,,,
Plein tarif,,,,,,,,,,Genève,,,,
Plein tarif,,,,,,,,,,Genève,,,,
Plein tarif,,,,,,,,,,VISSOIE,,,,
Plein tarif,,,,,,,,,,VISSOIE,,,,
Plein tarif,,,,,,,,,,Neuchatel,,,,
Plein tarif,,,,,,,,,,Neuchatel,,,,
Plein tarif,,,,,,,,,,Geneve,,,,
Plein tarif,,,,,,,,,,Geneve,,,,
Plein tarif,,,,,,,,,,Freiburg,,,,
Plein tarif,,,,,,,,,,Freiburg,,,,
Invitation,,,,,,,,,,,,,,
Invitation,,,,,,,,,,,,,,
Invitation,,,,,,,,,,,,,,
Invitation,,,,,,,,,,,,,,
Invitation,,,,,,,,,,,,,,
Invitation,,,,,,,,,,,,,,
Invitation,,,,,,,,,,,,,,
Invitation,,,,,,,,,,,,,,
Plein tarif,,,,,,,,,,Zürich,,,,
Plein tarif,,,,,,,,,,Zürich,,,,
Plein tarif,,,,,,,,,,Martigny,,,,
Plein tarif,,,,,,,,,,Martigny,,,,
Plein tarif,,,,,,,,,,Martigny,,,,
Plein tarif,,,,,,,,,,Martigny,,,,
Plein tarif,,,,,,,,,,Genève,,,,
Plein tarif,,,,,,,,,,Zürich,,,,
Invitation,,,,,,,,,,,,,,
Invitation,,,,,,,,,,,,,,
Invitation,,,,,,,,,,,,,,
Invitation,,,,,,,,,,,,,,
Invitation,,,,,,,,,,,,,,
Invitation,,,,,,,,,,,,,,
Invitation,,,,,,,,,,,,,,
Invitation,,,,,,,,,,,,,,
Invitation,,,,,,,,,,,,,,
Invitation,,,,,,,,,,,,,,
Plein tarif,,,,,,,,,,Geneve,,,,
Plein tarif,,,,,,,,,,Verbier,,,,
Plein tarif,,,,,,,,,,Savièse,,,,
Plein tarif,,,,,,,,,,Martigny,,,,
Plein tarif,,,,,,,,,,Martigny,,,,
Plein tarif,,,,,,,,,,Versegères,,,,
Plein tarif,,,,,,,,,,Versegères,,,,
Plein tarif,,,,,,,,,,La Tour-de-Peilz,,,,
Plein tarif,,,,,,,,,,Dubai,,,,
Plein tarif,,,,,,,,,,Dubai,,,,
Plein tarif,,,,,,,,,,Dubai,,,,
Plein tarif,,,,,,,,,,Dubai,,,,
Plein tarif,,,,,,,,,,Lausanne,,,,
Plein tarif,,,,,,,,,,Lausanne,,,,
Plein tarif,,,,,,,,,,Perroy,,,,
Plein tarif,,,,,,,,,,Perroy,,,,
Plein tarif,,,,,,,,,,Martigny,,,,
Plein tarif,,,,,,,,,,Martigny,,,,
Plein tarif,,,,,,,,,,Genève,,,,
Plein tarif,,,,,,,,,,Genève,,,,
Plein tarif,,,,,,,,,,Genève,,,,
Plein tarif,,,,,,,,,,Premploz,,,,
Plein tarif,,,,,,,,,,Sion,,,,
Plein tarif,,,,,,,,,,Chambésy,,,,
Plein tarif,,,,,,,,,,Chambésy,,,,
Plein tarif,,,,,,,,,,Versegères,,,,
Plein tarif,,,,,,,,,,Vouvry,,,,
Plein tarif,,,,,,,,,,lausanne,,,,
Plein tarif,,,,,,,,,,Riddes,,,,
Plein tarif,,,,,,,,,,Sion,,,,
Plein tarif,,,,,,,,,,Lausanne,,,,
Plein tarif,,,,,,,,,,Lausanne,,,,
Plein tarif,,,,,,,,,,Lausanne,,,,
Plein tarif,,,,,,,,,,Lausanne,,,,
Plein tarif,,,,,,,,,,Lausanne,,,,
Plein tarif,,,,,,,,,,Lausanne,,,,
Plein tarif,,,,,,,,,,Lausanne,,,,
Plein tarif,,,,,,,,,,Saillon,,,,
Plein tarif,,,,,,,,,,Genève,,,,
Plein tarif,,,,,,,,,,Martigny,,,,
Plein tarif,,,,,,,,,,Châtel-St-Denis,,,,
Plein tarif,,,,,,,,,,Châtel-St-Denis,,,,
Plein tarif,,,,,,,,,,Geneve,,,,
Plein tarif,,,,,,,,,,Lonay,,,,
Plein tarif,,,,,,,,,,Sion,,,,
Plein tarif,,,,,,,,,,Muri bei Bern,,,,
Plein tarif,,,,,,,,,,Muri bei Bern,,,,
Plein tarif,,,,,,,,,,Muri bei Bern,,,,
Plein tarif,,,,,,,,,,Muri bei Bern,,,,
Plein tarif,,,,,,,,,,Pully,,,,
Plein tarif,,,,,,,,,,Pully,,,,
Plein tarif,,,,,,,,,,Fribourg,,,,
Plein tarif,,,,,,,,,,Sion,,,,
Plein tarif,,,,,,,,,,Sion,,,,
Plein tarif,,,,,,,,,,Verbier,,,,
Plein tarif,,,,,,,,,,Verbier,,,,
Plein tarif,,,,,,,,,,daillon,,,,
Plein tarif,,,,,,,,,,daillon,,,,
Plein tarif,,,,,,,,,,Lausanne,,,,
Plein tarif,,,,,,,,,,Morges,,,,
Plein tarif,,,,,,,,,,Morges,,,,
Plein tarif,,,,,,,,,,Sion,,,,
Plein tarif,,,,,,,,,,Genève,,,,
Plein tarif,,,,,,,,,,Genève,,,,
Plein tarif,,,,,,,,,,Morges,,,,
Plein tarif,,,,,,,,,,La Tour-de-Peilz,,,,
Plein tarif,,,,,,,,,,La Tour-de-Peilz,,,,
Plein tarif,,,,,,,,,,Fribourg,,,,
Plein tarif,,,,,,,,,,Lutry,,,,
Plein tarif,,,,,,,,,,Geneve,,,,
Plein tarif,,,,,,,,,,Bouveret,,,,
Plein tarif,,,,,,,,,,Bouveret,,,,
Plein tarif,,,,,,,,,,Martigny,,,,
Plein tarif,,,,,,,,,,Martigny,,,,
Plein tarif,,,,,,,,,,Martigny,,,,
Plein tarif,,,,,,,,,,Martigny,,,,
Plein tarif,,,,,,,,,,Lausanne,,,,
Plein tarif,,,,,,,,,,Lausanne,,,,
Plein tarif,,,,,,,,,,Lausanne,,,,
Plein tarif,,,,,,,,,,Le Châble,,,,
Plein tarif,,,,,,,,,,Le Châble,,,,
Plein tarif,,,,,,,,,,Jouxtens-Mezery,,,,
Plein tarif,,,,,,,,,,Jouxtens-Mezery,,,,
Plein tarif,,,,,,,,,,St Jean d'Aulps,,,,
Plein tarif,,,,,,,,,,St Jean d'Aulps,,,,
Plein tarif,,,,,,,,,,Sion,,,,
Plein tarif,,,,,,,,,,Villars-sous-Yens,,,,
Plein tarif,,,,,,,,,,Sembrancher,,,,
Plein tarif,,,,,,,,,,Sembrancher,,,,
Plein tarif,,,,,,,,,,Sembrancher,,,,
Plein tarif,,,,,,,,,,Sembrancher,,,,
Plein tarif,,,,,,,,,,Genève,,,,
Plein tarif,,,,,,,,,,Genève,,,,
Plein tarif,,,,,,,,,,Geneve,,,,
Plein tarif,,,,,,,,,,Geneve,,,,
Plein tarif,,,,,,,,,,Paris,,,,
Plein tarif,,,,,,,,,,Vevey,,,,
Plein tarif,,,,,,,,,,Vevey,,,,
Plein tarif,,,,,,,,,,Genève,,,,
Plein tarif,,,,,,,,,,Genève,,,,
Plein tarif,,,,,,,,,,Belfaux,,,,
Plein tarif,,,,,,,,,,Belfaux,,,,
Plein tarif,,,,,,,,,,Cormondrèche,,,,
Plein tarif,,,,,,,,,,les Combes,,,,
Plein tarif,,,,,,,,,,Pully,,,,
Plein tarif,,,,,,,,,,Pully,,,,
Plein tarif,,,,,,,,,,Pully,,,,
Plein tarif,,,,,,,,,,Paris,,,,
Plein tarif,,,,,,,,,,Renens,,,,
Plein tarif,,,,,,,,,,Renens,,,,
Plein tarif,,,,,,,,,,La Croix-sur-Lutry,,,,
Plein tarif,,,,,,,,,,La Croix-sur-Lutry,,,,
Plein tarif,,,,,,,,,,Lausanne,,,,
Plein tarif,,,,,,,,,,Lausanne,,,,
Plein tarif,,,,,,,,,,Vercorin,,,,
Plein tarif,,,,,,,,,,Vercorin,,,,
Plein tarif,,,,,,,,,,Vercorin,,,,
Plein tarif,,,,,,,,,,Vercorin,,,,
Plein tarif,,,,,,,,,,Vercorin,,,,
Plein tarif,,,,,,,,,,Vercorin,,,,
Plein tarif,,,,,,,,,,Vercorin,,,,
Plein tarif,,,,,,,,,,Vercorin,,,,
Plein tarif,,,,,,,,,,Vercorin,,,,
Plein tarif,,,,,,,,,,Vercorin,,,,
Plein tarif,,,,,,,,,,Vercorin,,,,
Plein tarif,,,,,,,,,,Vercorin,,,,
Plein tarif,,,,,,,,,,Sion,,,,
Plein tarif,,,,,,,,,,Sion,,,,
Plein tarif,,,,,,,,,,Sion,,,,
Plein tarif,,,,,,,,,,Sion,,,,
Plein tarif,,,,,,,,,,Sion,,,,
Plein tarif,,,,,,,,,,Flanthey,,,,
Plein tarif,,,,,,,,,,Edmonton,,,,
Plein tarif,,,,,,,,,,Edmonton,,,,
Plein tarif,,,,,,,,,,München,,,,
Plein tarif,,,,,,,,,,München,,,,
Plein tarif,,,,,,,,,,München,,,,
Plein tarif,,,,,,,,,,Sion,,,,
Plein tarif,,,,,,,,,,Morges,,,,
Plein tarif,,,,,,,,,,Morges,,,,
Plein tarif,,,,,,,,,,Villars-sur-Glâne,,,,
Plein tarif,,,,,,,,,,Villars-sur-Glâne,,,,
Plein tarif,,,,,,,,,,Villars-sur-Glâne,,,,
Plein tarif,,,,,,,,,,Neuchâtel,,,,
Plein tarif,,,,,,,,,,Neuchâtel,,,,
Invitation,,,,,,,,,,,,,,
Invitation,,,,,,,,,,,,,,
Plein tarif,,,,,,,,,,Bussigny,,,,
Plein tarif,,,,,,,,,,Lausanne27,,,,
Invitation,,,,,,,,,,Lausanne,,,,
Invitation,,,,,,,,,,Lausanne,,,,
Invitation,,,,,,,,,,Lausanne,,,,
Invitation,,,,,,,,,,Lausanne,,,,
Invitation,,,,,,,,,,Lausanne,,,,
Invitation,,,,,,,,,,Lausanne,,,,
Plein tarif,,,,,,,,,,Lausanne,,,,
Plein tarif,,,,,,,,,,Verbier,,,,
Plein tarif,,,,,,,,,,Lausanne,,,,
Plein tarif,,,,,,,,,,Carouge,,,,
Plein tarif,,,,,,,,,,Carouge,,,,
Plein tarif,,,,,,,,,,Savièse,,,,
Plein tarif,,,,,,,,,,Savièse,,,,
Plein tarif,,,,,,,,,,Bussigny,,,,
Plein tarif,,,,,,,,,,lausanne,,,,
Plein tarif,,,,,,,,,,lausanne,,,,
Plein tarif,,,,,,,,,,Bramois,,,,
Plein tarif,,,,,,,,,,Bramois,,,,
Plein tarif,,,,,,,,,,Savièse,,,,
Plein tarif,,,,,,,,,,Savièse,,,,
Plein tarif,,,,,,,,,,Genève,,,,
Plein tarif,,,,,,,,,,Geneve,,,,
Plein tarif,,,,,,,,,,Autavaux,,,,
Plein tarif,,,,,,,,,,Autavaux,,,,
Plein tarif,,,,,,,,,,Autavaux,,,,
Plein tarif,,,,,,,,,,Sion,,,,
Plein tarif,,,,,,,,,,Lausanne,,,,
Plein tarif,,,,,,,,,,Lausanne,,,,
Plein tarif,,,,,,,,,,Sion,,,,
Plein tarif,,,,,,,,,,Sion,,,,
Plein tarif,,,,,,,,,,Vésenaz,,,,
Plein tarif,,,,,,,,,,Vésenaz,,,,
Plein tarif,,,,,,,,,,Lutry,,,,
Plein tarif,,,,,,,,,,Lutry,,,,
Plein tarif,,,,,,,,,,Lausanne,,,,
Plein tarif,,,,,,,,,,Lausanne,,,,
Plein tarif,,,,,,,,,,Vevey,,,,
Plein tarif,,,,,,,,,,Vevey,,,,
Plein tarif,,,,,,,,,,Vevey,,,,
Plein tarif,,,,,,,,,,Lausanne,,,,
Plein tarif,,,,,,,,,,Lausanne,,,,
Plein tarif,,,,,,,,,,Lausanne,,,,
Plein tarif,,,,,,,,,,Lausanne,,,,
Plein tarif,,,,,,,,,,Genève,,,,
Plein tarif,,,,,,,,,,Conthey,,,,
Plein tarif,,,,,,,,,,Conthey,,,,
Tarif enfant,,,,,,,,,,Cologny,,,,
Plein tarif,,,,,,,,,,Granges,,,,
Plein tarif,,,,,,,,,,Granges,,,,
Plein tarif,,,,,,,,,,Lausanne,,,,
Plein tarif,,,,,,,,,,Lausanne,,,,
Plein tarif,,,,,,,,,,Martigny,,,,
Plein tarif,,,,,,,,,,Sion,,,,
Plein tarif,,,,,,,,,,Lausanne,,,,
Plein tarif,,,,,,,,,,Villars-sur-Glâne,,,,
Plein tarif,,,,,,,,,,Moutier,,,,
Plein tarif,,,,,,,,,,Geneve,,,,
Plein tarif,,,,,,,,,,Geneve,,,,
Plein tarif,,,,,,,,,,Genève,,,,
Plein tarif,,,,,,,,,,Genève,,,,
Plein tarif,,,,,,,,,,Lausanne,,,,
Plein tarif,,,,,,,,,,Lausanne,,,,
Plein tarif,,,,,,,,,,Sierre,,,,
Plein tarif,,,,,,,,,,Winterthur,,,,
Plein tarif,,,,,,,,,,Winterthur,,,,
Plein tarif,,,,,,,,,,Sierre,,,,
Plein tarif,,,,,,,,,,Vessy,,,,
Plein tarif,,,,,,,,,,Sullens,,,,
Plein tarif,,,,,,,,,,Les Charbonnières,,,,
Plein tarif,,,,,,,,,,Les Charbonnières,,,,
Plein tarif,,,,,,,,,,Sion,,,,
Plein tarif,,,,,,,,,,Lens,,,,
Plein tarif,,,,,,,,,,Lens,,,,
Plein tarif,,,,,,,,,,Lens,,,,
Plein tarif,,,,,,,,,,Drône,,,,
Plein tarif,,,,,,,,,,Drône,,,,
Plein tarif,,,,,,,,,,Drône,,,,
Plein tarif,,,,,,,,,,Drône,,,,
Plein tarif,,,,,,,,,,Yverdon les bains,,,,
Plein tarif,,,,,,,,,,Nyon,,,,
Plein tarif,,,,,,,,,,Besançon,,,,
Plein tarif,,,,,,,,,,Besançon,,,,
Plein tarif,,,,,,,,,,Sion,,,,
Plein tarif,,,,,,,,,,Sion,,,,
Plein tarif,,,,,,,,,,Lausanne,,,,
Plein tarif,,,,,,,,,,Meinier,,,,
Plein tarif,,,,,,,,,,St martin en Vercors,,,,
Plein tarif,,,,,,,,,,St martin en Vercors,,,,
Plein tarif,,,,,,,,,,St martin en Vercors,,,,
Plein tarif,,,,,,,,,,Lausanne,,,,
Plein tarif,,,,,,,,,,Lausanne,,,,
Plein tarif,,,,,,,,,,Sion,,,,
Plein tarif,,,,,,,,,,Sion,,,,
Plein tarif,,,,,,,,,,Fully,,,,
Plein tarif,,,,,,,,,,Basel,,,,
Plein tarif,,,,,,,,,,Basel,,,,
Plein tarif,,,,,,,,,,St-Léonard,,,,
Plein tarif,,,,,,,,,,St-Léonard,,,,
Plein tarif,,,,,,,,,,Valeyres-sous-Rances,,,,
Plein tarif,,,,,,,,,,Valeyres-sous-Rances,,,,
Plein tarif,,,,,,,,,,Valeyres-sous-Rances,,,,
Plein tarif,,,,,,,,,,Vernayaz,,,,
Plein tarif,,,,,,,,,,Genève,,,,
Plein tarif,,,,,,,,,,Genève,,,,
Plein tarif,,,,,,,,,,Morges,,,,
Plein tarif,,,,,,,,,,Liebefeld,,,,
Plein tarif,,,,,,,,,,Liebefeld,,,,
Plein tarif,,,,,,,,,,Sion,,,,
Plein tarif,,,,,,,,,,Lausanne,,,,
Plein tarif,,,,,,,,,,Bern,,,,
Plein tarif,,,,,,,,,,Genève,,,,
Plein tarif,,,,,,,,,,Genève,,,,
Plein tarif,,,,,,,,,,Fribourg,,,,
Plein tarif,,,,,,,,,,Sion,,,,
Plein tarif,,,,,,,,,,Châtelaine,,,,
Plein tarif,,,,,,,,,,Châtelaine,,,,
Plein tarif,,,,,,,,,,Sierre,,,,
Plein tarif,,,,,,,,,,Prilly,,,,
Plein tarif,,,,,,,,,,Prilly,,,,
Plein tarif,,,,,,,,,,Lausanne,,,,
Plein tarif,,,,,,,,,,Sion,,,,
Plein tarif,,,,,,,,,,Martigny,,,,
Plein tarif,,,,,,,,,,haute nendaz,,,,
Plein tarif,,,,,,,,,,Montriond,,,,
Plein tarif,,,,,,,,,,Gimel,,,,
Plein tarif,,,,,,,,,,Gimel,,,,
Plein tarif,,,,,,,,,,Vevey,,,,
Plein tarif,,,,,,,,,,Martigny,,,,
Plein tarif,,,,,,,,,,Martigny,,,,
Plein tarif,,,,,,,,,,Sierre,,,,
Plein tarif,,,,,,,,,,Sierre,,,,
Plein tarif,,,,,,,,,,Chamoson,,,,
Plein tarif,,,,,,,,,,Chamoson,,,,
Plein tarif,,,,,,,,,,Chamoson,,,,
Plein tarif,,,,,,,,,,Nancy,,,,
Plein tarif,,,,,,,,,,Troinex,,,,
Plein tarif,,,,,,,,,,Troinex,,,,
Plein tarif,,,,,,,,,,Le Châble,,,,
Plein tarif,,,,,,,,,,Sion,,,,
Plein tarif,,,,,,,,,,Sion,,,,
Plein tarif,,,,,,,,,,Blonay,,,,
Plein tarif,,,,,,,,,,Blonay,,,,
Plein tarif,,,,,,,,,,Cormondreche,,,,
Plein tarif,,,,,,,,,,Cormondreche,,,,
Plein tarif,,,,,,,,,,Cormondreche,,,,
Plein tarif,,,,,,,,,,Cormondreche,,,,
Plein tarif,,,,,,,,,,Cormondreche,,,,
Plein tarif,,,,,,,,,,Stuttgart,,,,
Plein tarif,,,,,,,,,,Stuttgart,,,,
Plein tarif,,,,,,,,,,Daillon,,,,
Plein tarif,,,,,,,,,,Genève,,,,
Plein tarif,,,,,,,,,,Genève,,,,
Plein tarif,,,,,,,,,,Biel/Bienne,,,,
Plein tarif,,,,,,,,,,Biel/Bienne,,,,
Plein tarif,,,,,,,,,,Yverdon,,,,
Plein tarif,,,,,,,,,,Genwva,,,,
Plein tarif,,,,,,,,,,Genwva,,,,
Plein tarif,,,,,,,,,,La Tour-de-Peilz,,,,
Plein tarif,,,,,,,,,,Geneva,,,,
Plein tarif,,,,,,,,,,Villars-sur-Glâne,,,,
Plein tarif,,,,,,,,,,Villars-sur-Glâne,,,,
Plein tarif,,,,,,,,,,Genève,,,,
Plein tarif,,,,,,,,,,Genève,,,,
Plein tarif,,,,,,,,,,Chêne bougeries,,,,
Plein tarif,,,,,,,,,,Bern,,,,
Plein tarif,,,,,,,,,,Yverdon-les-Bains,,,,
Plein tarif,,,,,,,,,,Stuttgart,,,,
Plein tarif,,,,,,,,,,Stuttgart,,,,
Plein tarif,,,,,,,,,,Genève,,,,
Plein tarif,,,,,,,,,,Genève,,,,
Plein tarif,,,,,,,,,,Genève,,,,
Plein tarif,,,,,,,,,,Genève,,,,
Plein tarif,,,,,,,,,,Genève,,,,
Plein tarif,,,,,,,,,,Genève,,,,
Plein tarif,,,,,,,,,,Genève,,,,
Plein tarif,,,,,,,,,,Genève,,,,
Plein tarif,,,,,,,,,,Erde,,,,
Plein tarif,,,,,,,,,,collonge sous salève,,,,
Plein tarif,,,,,,,,,,Fribourg,,,,
Plein tarif,,,,,,,,,,Fribourg,,,,
Plein tarif,,,,,,,,,,Vetroz,,,,
Plein tarif,,,,,,,,,,Vetroz,,,,
Plein tarif,,,,,,,,,,Verbier,,,,
Plein tarif,,,,,,,,,,Verbier,,,,
Plein tarif,,,,,,,,,,Verbier,,,,
Plein tarif,,,,,,,,,,Verbier,,,,
Plein tarif,,,,,,,,,,Lausanne,,,,
Plein tarif,,,,,,,,,,La Conversion,,,,
Plein tarif,,,,,,,,,,Vollèges,,,,
Plein tarif,,,,,,,,,,Lausanne,,,,
Plein tarif,,,,,,,,,,Lausanne,,,,
Plein tarif,,,,,,,,,,Gilly,,,,
Plein tarif,,,,,,,,,,Gilly,,,,
Plein tarif,,,,,,,,,,Lausanne,,,,
Plein tarif,,,,,,,,,,Villerest,,,,
Plein tarif,,,,,,,,,,Genève,,,,
Plein tarif,,,,,,,,,,Sion,,,,
Plein tarif,,,,,,,,,,St-Léonard,,,,
Plein tarif,,,,,,,,,,St-Léonard,,,,
Plein tarif,,,,,,,,,,St-Léonard,,,,
Invitation,,,,,,,,,,,,,,
Invitation,,,,,,,,,,,,,,
Invitation,,,,,,,,,,,,,,
Invitation,,,,,,,,,,,,,,
Invitation,,,,,,,,,,,,,,
Invitation,,,,,,,,,,,,,,
Invitation,,,,,,,,,,,,,,
Invitation,,,,,,,,,,,,,,
Invitation,,,,,,,,,,,,,,
Invitation,,,,,,,,,,,,,,
Plein tarif,,,,,,,,,,Verbier,,,,
Plein tarif,,,,,,,,,,Verbier,,,,
Plein tarif,,,,,,,,,,Versegères,,,,
Plein tarif,,,,,,,,,,Colombier,,,,
Plein tarif,,,,,,,,,,Colombier,,,,
Plein tarif,,,,,,,,,,Genève,,,,
Plein tarif,,,,,,,,,,Genève,,,,
Plein tarif,,,,,,,,,,Lausanne,,,,
Plein tarif,,,,,,,,,,Nyon,,,,
Plein tarif,,,,,,,,,,arzier,,,,
Plein tarif,,,,,,,,,,Saint-Oyens,,,,
Plein tarif,,,,,,,,,,Renens,,,,
Plein tarif,,,,,,,,,,Sion,,,,
Plein tarif,,,,,,,,,,Sion,,,,
Plein tarif,,,,,,,,,,Verbier,,,,
Plein tarif,,,,,,,,,,Gingins,,,,
Plein tarif,,,,,,,,,,Nidau,,,,
Plein tarif,,,,,,,,,,Saxon,,,,
Plein tarif,,,,,,,,,,Saxon,,,,
Plein tarif,,,,,,,,,,Le mont sur Lausanne,,,,
Plein tarif,,,,,,,,,,Nyon,,,,
Plein tarif,,,,,,,,,,Lausanne,,,,
Plein tarif,,,,,,,,,,Lausanne,,,,
Plein tarif,,,,,,,,,,Grandvaux,,,,
Plein tarif,,,,,,,,,,Forel,,,,
Plein tarif,,,,,,,,,,Forel,,,,
Plein tarif,,,,,,,,,,Forel,,,,
Plein tarif,,,,,,,,,,Lutry,,,,
Plein tarif,,,,,,,,,,Lutry,,,,
Plein tarif,,,,,,,,,,Thoiry,,,,
Plein tarif,,,,,,,,,,Thoiry,,,,
Plein tarif,,,,,,,,,,Thoiry,,,,
Plein tarif,,,,,,,,,,Lausanne,,,,
Plein tarif,,,,,,,,,,Sembrancher,,,,
Plein tarif,,,,,,,,,,Sembrancher,,,,
Plein tarif,,,,,,,,,,Paris,,,,
Plein tarif,,,,,,,,,,Sierre,,,,
Plein tarif,,,,,,,,,,Genève,,,,
Plein tarif,,,,,,,,,,Martigny,,,,
Plein tarif,,,,,,,,,,Martigny,,,,
Plein tarif,,,,,,,,,,Lausanne,,,,
Plein tarif,,,,,,,,,,Vessy,,,,
Plein tarif,,,,,,,,,,Vessy,,,,
Plein tarif,,,,,,,,,,Leytron,,,,
Plein tarif,,,,,,,,,,Leytron,,,,
Plein tarif,,,,,,,,,,Vétroz,,,,
Plein tarif,,,,,,,,,,Sion,,,,
Plein tarif,,,,,,,,,,Genève,,,,
Plein tarif,,,,,,,,,,Grimisuat,,,,
Plein tarif,,,,,,,,,,Sion,,,,
Plein tarif,,,,,,,,,,Sion,,,,
Plein tarif,,,,,,,,,,Sion,,,,
Plein tarif,,,,,,,,,,Lausanne,,,,
Plein tarif,,,,,,,,,,Lausanne,,,,
Plein tarif,,,,,,,,,,Lausanne,,,,
Plein tarif,,,,,,,,,,Lausanne,,,,
Plein tarif,,,,,,,,,,Lausanne,,,,
Plein tarif,,,,,,,,,,Tromsø,,,,
Invitation,,,,,,,,,,,,,,
Invitation,,,,,,,,,,,,,,
Invitation,,,,,,,,,,,,,,
Invitation,,,,,,,,,,,,,,
Invitation,,,,,,,,,,,,,,
Invitation,,,,,,,,,,,,,,
Invitation,,,,,,,,,,,,,,
Invitation,,,,,,,,,,,,,,
Plein tarif,,,,,,,,,,Collombey,,,,
Plein tarif,,,,,,,,,,Besançon,,,,
Plein tarif,,,,,,,,,,Besançon,,,,
Plein tarif,,,,,,,,,,Lausanne,,,,
Plein tarif,,,,,,,,,,Lausanne,,,,
Plein tarif,,,,,,,,,,Genève,,,,
Plein tarif,,,,,,,,,,Genève,,,,
Plein tarif,,,,,,,,,,Genève,,,,
Plein tarif,,,,,,,,,,Ayent,,,,
Plein tarif,,,,,,,,,,Nyon,,,,
Plein tarif,,,,,,,,,,Vevey,,,,
Plein tarif,,,,,,,,,,Fribourg,,,,
Plein tarif,,,,,,,,,,Fribourg,,,,
Plein tarif,,,,,,,,,,Gland,,,,
Plein tarif,,,,,,,,,,Lausanne,,,,
Plein tarif,,,,,,,,,,Sion,,,,
Plein tarif,,,,,,,,,,Sembrancher,,,,
Plein tarif,,,,,,,,,,Gex,,,,
Plein tarif,,,,,,,,,,Grimisuat,,,,
Plein tarif,,,,,,,,,,Grimisuat,,,,
Plein tarif,,,,,,,,,,Grimisuat,,,,
Plein tarif,,,,,,,,,,Collonges au mont d'or,,,,
Plein tarif,,,,,,,,,,Erde,,,,
Plein tarif,,,,,,,,,,Lausanne,,,,
Plein tarif,,,,,,,,,,Lausanne,,,,
Plein tarif,,,,,,,,,,Saxon,,,,
Plein tarif,,,,,,,,,,Saxon,,,,
Plein tarif,,,,,,,,,,Sion,,,,
Plein tarif,,,,,,,,,,Martigny,,,,
Plein tarif,,,,,,,,,,Martigny,,,,
Plein tarif,,,,,,,,,,Sion,,,,
Plein tarif,,,,,,,,,,Flanthey,,,,
Plein tarif,,,,,,,,,,Flanthey,,,,
Plein tarif,,,,,,,,,,Lausanne,,,,
Plein tarif,,,,,,,,,,Lausanne,,,,
Plein tarif,,,,,,,,,,Zürich,,,,
Plein tarif,,,,,,,,,,Nyon,,,,
Plein tarif,,,,,,,,,,Naz,,,,
Plein tarif,,,,,,,,,,Pully,,,,
Plein tarif,,,,,,,,,,Pully,,,,
Plein tarif,,,,,,,,,,Pully,,,,
Plein tarif,,,,,,,,,,Pully,,,,
Plein tarif,,,,,,,,,,Penthaz,,,,
Plein tarif,,,,,,,,,,Bern,,,,
Plein tarif,,,,,,,,,,Genève,,,,
Plein tarif,,,,,,,,,,Genève,,,,
Plein tarif,,,,,,,,,,Lausanne,,,,
Plein tarif,,,,,,,,,,Paris,,,,
Plein tarif,,,,,,,,,,Paris,,,,
Plein tarif,,,,,,,,,,Vésenaz,,,,
Plein tarif,,,,,,,,,,Martigny,,,,
Plein tarif,,,,,,,,,,Martigny,,,,
Plein tarif,,,,,,,,,,Marseille,,,,
Plein tarif,,,,,,,,,,Paris,,,,
Plein tarif,,,,,,,,,,Paris,,,,
Plein tarif,,,,,,,,,,Marly,,,,
Invitation,,,,,,,,,,,,,,
Invitation,,,,,,,,,,,,,,
Invitation,,,,,,,,,,,,,,
Invitation,,,,,,,,,,,,,,
Invitation,,,,,,,,,,,,,,
Invitation,,,,,,,,,,,,,,
Invitation,,,,,,,,,,,,,,
Invitation,,,,,,,,,,,,,,
Invitation,,,,,,,,,,,,,,
Invitation,,,,,,,,,,,,,,
Invitation,,,,,,,,,,,,,,
Invitation,,,,,,,,,,,,,,
Invitation,,,,,,,,,,,,,,
Invitation,,,,,,,,,,,,,,
Invitation,,,,,,,,,,,,,,
Plein tarif,,,,,,,,,,Verbier,,,,
Plein tarif,,,,,,,,,,Zurich,,,,
Plein tarif,,,,,,,,,,Yens,,,,
Plein tarif,,,,,,,,,,Yens,,,,
Plein tarif,,,,,,,,,,bern,,,,
Plein tarif,,,,,,,,,,bern,,,,
Plein tarif,,,,,,,,,,bern,,,,
Plein tarif,,,,,,,,,,Evilard,,,,
Plein tarif,,,,,,,,,,Neuchâtel,,,,
Plein tarif,,,,,,,,,,Lausanne,,,,
Plein tarif,,,,,,,,,,Lausanne,,,,
Plein tarif,,,,,,,,,,Lausanne,,,,
Plein tarif,,,,,,,,,,Lausanne,,,,
Plein tarif,,,,,,,,,,Monthey,,,,
Plein tarif,,,,,,,,,,Monthey,,,,
Plein tarif,,,,,,,,,,Monthey,,,,
Plein tarif,,,,,,,,,,Monthey,,,,
Plein tarif,,,,,,,,,,Monthey,,,,
Plein tarif,,,,,,,,,,Gy,,,,
Plein tarif,,,,,,,,,,Oxted,,,,
Plein tarif,,,,,,,,,,Oxted,,,,
Plein tarif,,,,,,,,,,Oxted,,,,
Plein tarif,,,,,,,,,,Oxted,,,,
Plein tarif,,,,,,,,,,Oxted,,,,
Plein tarif,,,,,,,,,,Paris,,,,
Plein tarif,,,,,,,,,,Nidau,,,,
Plein tarif,,,,,,,,,,Paris,,,,
Plein tarif,,,,,,,,,,Lausanne,,,,
Plein tarif,,,,,,,,,,Lausanne,,,,
Plein tarif,,,,,,,,,,Lausanne,,,,
Invitation,,,,,,,,,,,,,,
Plein tarif,,,,,,,,,,Lausanne,,,,
Plein tarif,,,,,,,,,,Lausanne,,,,
Plein tarif,,,,,,,,,,La Chaux-de-Fonds,,,,
Plein tarif,,,,,,,,,,Lausanne,,,,
Plein tarif,,,,,,,,,,Lausanne,,,,
Plein tarif,,,,,,,,,,Lausanne,,,,
Plein tarif,,,,,,,,,,Genève,,,,
Plein tarif,,,,,,,,,,Confignon,,,,
Plein tarif,,,,,,,,,,Sion,,,,
Plein tarif,,,,,,,,,,Sion,,,,
Plein tarif,,,,,,,,,,Neuchâtel,,,,
Plein tarif,,,,,,,,,,Neuchâtel,,,,
Plein tarif,,,,,,,,,,Geneve,,,,
Plein tarif,,,,,,,,,,Verbier,,,,
Plein tarif,,,,,,,,,,Verbier,,,,
Plein tarif,,,,,,,,,,La Tour-de-Peilz,,,,
Plein tarif,,,,,,,,,,La Tour-de-Peilz,,,,
Plein tarif,,,,,,,,,,La Tour-de-Peilz,,,,
Plein tarif,,,,,,,,,,Bouveret,,,,
Plein tarif,,,,,,,,,,Zürich,,,,
Plein tarif,,,,,,,,,,Zürich,,,,
Plein tarif,,,,,,,,,,Zürich,,,,
Plein tarif,,,,,,,,,,Zürich,,,,
Plein tarif,,,,,,,,,,Lausanne,,,,
Plein tarif,,,,,,,,,,Les Evouettes,,,,
Plein tarif,,,,,,,,,,Martigny,,,,
Plein tarif,,,,,,,,,,Martigny,,,,
Plein tarif,,,,,,,,,,Lausanne,,,,
Plein tarif,,,,,,,,,,Romanel sur Lausanne,,,,
Plein tarif,,,,,,,,,,Genève,,,,
Plein tarif,,,,,,,,,,Le Châble,,,,
Plein tarif,,,,,,,,,,Genève,,,,
Plein tarif,,,,,,,,,,Genève,,,,
Plein tarif,,,,,,,,,,Dully,,,,
Plein tarif,,,,,,,,,,Dully,,,,
Plein tarif,,,,,,,,,,Genève,,,,
Plein tarif,,,,,,,,,,Genève,,,,
Plein tarif,,,,,,,,,,Sion,,,,
Plein tarif,,,,,,,,,,Sion,,,,
Plein tarif,,,,,,,,,,Renens VD,,,,
Plein tarif,,,,,,,,,,Uvrier,,,,
Plein tarif,,,,,,,,,,Uvrier,,,,
Plein tarif,,,,,,,,,,Vex,,,,
Plein tarif,,,,,,,,,,Vex,,,,
Plein tarif,,,,,,,,,,Vex,,,,
Plein tarif,,,,,,,,,,Vex,,,,
Plein tarif,,,,,,,,,,Belmont-sur-Lausanne,,,,
Plein tarif,,,,,,,,,,Belmont-sur-Lausanne,,,,
Plein tarif,,,,,,,,,,Belmont-sur-Lausanne,,,,
Plein tarif,,,,,,,,,,Sion,,,,
Plein tarif,,,,,,,,,,Sion,,,,
Plein tarif,,,,,,,,,,Sion,,,,
Plein tarif,,,,,,,,,,Sion,,,,
Plein tarif,,,,,,,,,,Geneve,,,,
Plein tarif,,,,,,,,,,Geneva,,,,
Plein tarif,,,,,,,,,,Lausanne,,,,
Plein tarif,,,,,,,,,,Martigny,,,,
Plein tarif,,,,,,,,,,Basel,,,,
Plein tarif,,,,,,,,,,Genève,,,,
Plein tarif,,,,,,,,,,Villarimboud,,,,
Plein tarif,,,,,,,,,,Villarimboud,,,,
Plein tarif,,,,,,,,,,Villarimboud,,,,
Plein tarif,,,,,,,,,,Lausanne,,,,
Plein tarif,,,,,,,,,,Fribourg,,,,
Plein tarif,,,,,,,,,,Fribourg,,,,
Plein tarif,,,,,,,,,,Lausanne,,,,
Plein tarif,,,,,,,,,,Bussigny,,,,
Plein tarif,,,,,,,,,,Lausanne,,,,
Plein tarif,,,,,,,,,,Lausanne,,,,
Plein tarif,,,,,,,,,,Lausanne,,,,
Plein tarif,,,,,,,,,,Fontaines,,,,
Plein tarif,,,,,,,,,,Fontaines,,,,
Plein tarif,,,,,,,,,,Renens,,,,
Plein tarif,,,,,,,,,,Hermance,,,,
Plein tarif,,,,,,,,,,Hermance,,,,
Plein tarif,,,,,,,,,,Lausanne,,,,
Plein tarif,,,,,,,,,,Lausanne,,,,
Plein tarif,,,,,,,,,,Lausanne,,,,
Plein tarif,,,,,,,,,,Gland,,,,
Plein tarif,,,,,,,,,,Genève,,,,
Plein tarif,,,,,,,,,,Lausanne,,,,
Plein tarif,,,,,,,,,,Lausanne,,,,
Invitation,,,,,,,,,,Conthey,,,,
Invitation,,,,,,,,,,Conthey,,,,
Invitation,,,,,,,,,,Conthey,,,,
Invitation,,,,,,,,,,Conthey,,,,
Invitation,,,,,,,,,,,,,,
Invitation,,,,,,,,,,,,,,
Invitation,,,,,,,,,,,,,,
Invitation,,,,,,,,,,,,,,
Invitation,,,,,,,,,,,,,,
Invitation,,,,,,,,,,,,,,
Invitation,,,,,,,,,,,,,,
Invitation,,,,,,,,,,,,,,
Invitation,,,,,,,,,,,,,,
Invitation,,,,,,,,,,-,,,,
Invitation,,,,,,,,,,Luc (Ayent),,,,
Invitation,,,,,,,,,,Luc (Ayent),,,,
Invitation,,,,,,,,,,Luc (Ayent),,,,
Invitation,,,,,,,,,,Versoix,,,,
Invitation,,,,,,,,,,Versoix,,,,
Invitation,,,,,,,,,,,,,,
Invitation,,,,,,,,,,,,,,
Invitation,,,,,,,,,,,,,,
Invitation,,,,,,,,,,,,,,
Invitation,,,,,,,,,,,,,,
Invitation,,,,,,,,,,,,,,
Invitation,,,,,,,,,,,,,,
Invitation,,,,,,,,,,,,,,
Invitation,,,,,,,,,,,,,,
Invitation,,,,,,,,,,,,,,
Invitation,,,,,,,,,,,,,,
Invitation,,,,,,,,,,Collombey,,,,