CATEGORY,CITY,ZIPCODE
Invitations,Martigny,1920
Invitations,Martigny,1920
Invitations,Martigny,1920
Invitations,Martigny,1920
Invitations,Martigny,1920
Invitations,,
Invitations,,
Invitations,,
Invitations,,
Invitations,,
Invitations,,
Plein tarif,Vétroz,1963
Plein tarif,Vétroz,1963
Plein tarif,1950 sion,1950
Plein tarif,1950 sion,1950
Plein tarif,1950 sion,1950
Plein tarif,1950 sion,1950
Plein tarif,Monthey,1870
Plein tarif,Monthey,1870
Plein tarif,Monthey,1870
Plein tarif,Sion,1950
Plein tarif,Sion,1950
Plein tarif,Martigny,1920
Plein tarif,Martigny,1920
Plein tarif,Collombey,1868
Plein tarif,Collombey,1868
Plein tarif,Sion,1950
Plein tarif,Cully,1096
Plein tarif,Cully,1096
Plein tarif,Sion,1950
Plein tarif,Sion,1950
Plein tarif,Sion,1950
Plein tarif,Sion,1950
Plein tarif,Sion,1950
Plein tarif,Sion,1950
Plein tarif,Sion,1950
Plein tarif,Sion,1950
Plein tarif,Sion,1950
Plein tarif,Vétroz,1963
Plein tarif,Vétroz,1963
Plein tarif,Sion,1950
Plein tarif,Sion,1950
Plein tarif,Fribourg,1700
Plein tarif,Fribourg,1700
Plein tarif,Sion,1950
Plein tarif,Sion,1950
Plein tarif,Genève,1203
Plein tarif,Genève,1203
Plein tarif,Mollens,3974
Plein tarif,Sion,1950
Plein tarif,Genève,1203
Plein tarif,Sion,1950
Plein tarif,Martigny-Croix,1921
Plein tarif,Martigny-Croix,1921
Plein tarif,Crans-Montana,3963
Plein tarif,Sion,1950
Plein tarif,Sion,1950
Plein tarif,Sion,1950
Plein tarif,Sion,1950
Plein tarif,Fully,1926
Plein tarif,Fully,1926
Plein tarif,Martigny,1920
Plein tarif,Martigny,1920
Plein tarif,Martigny,1920
Plein tarif,Martigny,1920
Plein tarif,Martigny,1920
Plein tarif,Aven,1976
Plein tarif,Aven,1976
Plein tarif,Fully VS,1926
Plein tarif,Fully VS,1926
Plein tarif,Fully VS,1926
Plein tarif,Choëx,1871
Plein tarif,Choëx,1871
Plein tarif,Choëx,1871
Plein tarif,La Tour de Peilz,1814
Plein tarif,La Tour de Peilz,1814
Invitations,,
Invitations,,
Plein tarif,Territet,1820
Plein tarif,Territet,1820
Plein tarif,Territet,1820
Plein tarif,St-Léonard,1958
Plein tarif,St-Léonard,1958
Plein tarif,Crans,1299
Plein tarif,Crans,1299
Plein tarif,Crans,1299
Plein tarif,Crans,1299
Plein tarif,Chamonix,74400
Plein tarif,Chamonix,74400
Plein tarif,Sion,1950
Plein tarif,Sion,1950
Plein tarif,Chermignon-Bas,3971
Plein tarif,Chermignon-Bas,3971
Plein tarif,Sion,1950
Plein tarif,Sion,1950
Plein tarif,Vernamiège,1961
Plein tarif,Lausanne,1007
Plein tarif,Lausanne,1007
Plein tarif,Monthey,1870
Plein tarif,Monthey,1870
Plein tarif,Salins,1991
Plein tarif,Bramois,1967
Plein tarif,Bramois,1967
Plein tarif,Vétroz,1963
Plein tarif,Vétroz,1963
Plein tarif,lausanne,1007
Plein tarif,lausanne,1007
Plein tarif,Lausanne,1004
Plein tarif,Martigny,1920
Plein tarif,Martigny,1920
Plein tarif,Martigny,1920
Plein tarif,sion,1950
Plein tarif,sion,1950
Plein tarif,Ardon,1957
Plein tarif,Martigny,1920
Plein tarif,Martigny,1920
Plein tarif,Sierre,3960
Plein tarif,Sierre,3960
Plein tarif,Lausanne,1007
Plein tarif,Lausanne,1007
Plein tarif,Vétroz,1963
Plein tarif,Vétroz,1963
Plein tarif,Vernayaz,1904
Plein tarif,Lausanne,1005
Plein tarif,Chemin dessus,1927
Plein tarif,Martigny,1920
Plein tarif,Martigny,1920
Plein tarif,Martigny,1920
Plein tarif,Martigny,1920
Invitations,,
Invitations,,
Invitations,,
Invitations,,
Invitations,,
Invitations,,
Billets de côté pour Raiffeisen,,
Billets de côté pour Raiffeisen,,
Billets de côté pour Raiffeisen,,
Billets de côté pour Raiffeisen,,
Billets de côté pour Raiffeisen,,
Billets de côté pour Raiffeisen,,
Billets de côté pour Raiffeisen,,
Billets de côté pour Raiffeisen,,
Billets de côté pour Raiffeisen,,
Billets de côté pour Raiffeisen,,
Billets de côté pour Raiffeisen,,
Billets de côté pour Raiffeisen,,
Billets de côté pour Raiffeisen,,
Billets de côté pour Raiffeisen,,
Billets de côté pour Raiffeisen,,
Billets de côté pour Raiffeisen,,
Billets de côté pour Raiffeisen,,
Billets de côté pour Raiffeisen,,
Billets de côté pour Raiffeisen,,
Billets de côté pour Raiffeisen,,
Billets de côté pour Raiffeisen,,
Billets de côté pour Raiffeisen,,
Billets de côté pour Raiffeisen,,
Billets de côté pour Raiffeisen,,
Billets de côté pour Raiffeisen,,
Billets de côté pour Raiffeisen,,
Billets de côté pour Raiffeisen,,
Billets de côté pour Raiffeisen,,
Billets de côté pour Raiffeisen,,
Billets de côté pour Raiffeisen,,
Billets de côté pour Raiffeisen,,
Billets de côté pour Raiffeisen,,
Billets de côté pour Raiffeisen,,
Billets de côté pour Raiffeisen,,
Billets de côté pour Raiffeisen,,
Billets de côté pour Raiffeisen,,
Billets de côté pour Raiffeisen,,
Billets de côté pour Raiffeisen,,
Billets de côté pour Raiffeisen,,
Billets de côté pour Raiffeisen,,
Plein tarif,1950 Sion,1950
Plein tarif,1950 Sion,1950
Plein tarif,1950 Sion,1950
Plein tarif,martigny,1920
Plein tarif,martigny,1920
Plein tarif,Mission,3961
Plein tarif,Mission,3961
Plein tarif,Sion,1950
Plein tarif,Sierre,3960
Plein tarif,Sierre,3960
Plein tarif,Carouge,1227
Plein tarif,Carouge,1227
Plein tarif,Martigny,1920
Plein tarif,Fully,1926
Plein tarif,Fully,1926
Plein tarif,Vevey,1800
Invitations,,
Invitations,,
Invitations,,
Invitations,,
Invitations,,
Invitations,,
Invitations,,
Invitations,,
Invitations,,
Invitations,,
Invitations,,
Invitations,,
Invitations,,
Invitations,,
Invitations,,
Invitations,,
Invitations,,
Invitations,,
Invitations,,
Invitations,,
Invitations,,
Invitations,,
Invitations,,
Invitations,,
Invitations,,
Invitations,,
Invitations,,
Invitations,,
Invitations,,
Invitations,,
Invitations,,
Invitations,,
Invitations,,
Invitations,,
Invitations,,
Plein tarif,Chemin,1927
Plein tarif,Vernayaz,1904
Plein tarif,Vernayaz,1904
Plein tarif,Vernayaz,1904
Plein tarif,Fully,1926
Plein tarif,Martigny,1920
Plein tarif,Martigny,1920
Plein tarif,fully,1926
Plein tarif,Cully,1096
Plein tarif,Cully,1096
Plein tarif,Sion,1950
Invitations,,
Invitations,,
Invitations,,
Invitations,,
Invitations,,
Invitations,,
Invitations,,
Invitations,,
Invitations,,
Invitations,,
Invitations,,
Invitations,,
Invitations,,
Invitations,,
Plein tarif,Lausanne,1010
Plein tarif,Lausanne,1010
Plein tarif,Martigny,1920
Plein tarif,Martigny,1920
Plein tarif,Martigny,1920
Plein tarif,Martigny,1920
Plein tarif,Saillon,1913
Plein tarif,Saillon,1913
Plein tarif,Martigny,1920
Plein tarif,Martigny,1920
Plein tarif,Martigny,1920
Plein tarif,Salvan,1922
Plein tarif,Saxon,1907
Plein tarif,Monthey,1870
Plein tarif,Martigny,1920
Plein tarif,Ravoire,1928
Plein tarif,Saillon,1913
Plein tarif,Saillon,1913
Invitations,-,-
Invitations,-,-
Invitations,-,-
Invitations,-,-
Invitations,-,-
Invitations,-,-
Invitations,-,-
Invitations,-,-
Invitations,-,-
Invitations,-,-
Plein tarif,Aproz,1994
Plein tarif,Martigny,1920
Plein tarif,Martigny,1920
Plein tarif,FULLY,1926
Plein tarif,FULLY,1926
Plein tarif,Trelex,1270
Plein tarif,Trelex,1270
Plein tarif,Lausanne,1012
Plein tarif,Lausanne,1004
Plein tarif,Wilen bei Wollerau,8832
Plein tarif,Wilen bei Wollerau,8832
Plein tarif,Vevey,1800
Plein tarif,Vevey,1800
Plein tarif,Martigny,1920
Plein tarif,Martigny,1920
Plein tarif,Martigny,1920
Plein tarif,Charrat,1906
Plein tarif,Charrat,1906
Plein tarif,Martigny,1920
Plein tarif,Martigny,1920
Plein tarif,Lausanne,1005
Plein tarif,Martigny,1920
Plein tarif,Bramois,1967
Plein tarif,Bramois,1967
Plein tarif,Bramois,1967
Plein tarif,Bramois,1967
Plein tarif,Martigny,1920
Plein tarif,Sion,1950
Plein tarif,Sion,1950
Plein tarif,Sion,1950
Plein tarif,Loc,3960
Plein tarif,Loc,3960
Plein tarif,Vernayaz,1904
Plein tarif,Flanthey,3978
Plein tarif,Martigny,1920
Plein tarif,Martigny,1920
Plein tarif,Genève,1201
Plein tarif,Genève,1201
Invitations,,
Invitations,,
Invitations,,
Invitations,,
Invitations,,
Invitations,,
Invitations,,
Invitations,,
Invitations,,
Invitations,,
Invitations,,
Plein tarif,Saxon,1907
Plein tarif,Saxon,1907
Plein tarif,Martigny,1920
Plein tarif,Sion,1950
Invitations,,
Invitations,,
Invitations,,
Invitations,,
Invitations,,
Invitations,,
Invitations,,
Invitations,,
Plein tarif,Budapest,1112
Plein tarif,Crissier,1023
Plein tarif,Crissier,1023
Plein tarif,Lutry,1093
Plein tarif,Lutry,1093
Plein tarif,Ayent,1966
Plein tarif,Ayent,1966
Plein tarif,Salvan,1922
Plein tarif,Salvan,1922
Plein tarif,Sion,1950
Plein tarif,Martigny,1920
Plein tarif,Martigny,1920
Plein tarif,Martigny,1920
Plein tarif,Martigny,1920
Plein tarif,Fully,1926
Plein tarif,Fully,1926
Plein tarif,Sion,1950
Plein tarif,Martigny,1920
Plein tarif,Martigny,1920
Plein tarif,Pont-de-la-morge,1962
Plein tarif,Pont-de-la-morge,1962
Plein tarif,Grimisuat,1971
Plein tarif,Sion,1950
Plein tarif,Sion,1950
Plein tarif,Lausanne,1004
Plein tarif,Lausanne,1004
Plein tarif,Lausanne,1004
Plein tarif,Lausanne,1003
Plein tarif,Lausanne,1003
Plein tarif,Fully,1926
Plein tarif,Saxon,1907
Plein tarif,Saxon,1907
Plein tarif,Saxon,1907
Plein tarif,Martigny,1920
Plein tarif,Martigny-Combe,1921
Plein tarif,Martigny-Combe,1921
Plein tarif,verbier,1936
Plein tarif,verbier,1936
Plein tarif,Verbier,1936
Plein tarif,Verbier,1936
Plein tarif,Sion,1950
Plein tarif,Lausanne,1003
Plein tarif,Lausanne,1003
Plein tarif,Moncley,25170
Invitations,,
Invitations,,
Invitations,,
Invitations,,
Invitations,,
Invitations,,
Invitations,,
Invitations,,
Invitations,,
Invitations,,
Invitations,,
Invitations,,
Invitations,,
Invitations,,
Invitations,,
Invitations,,
Invitations,,
Invitations,,
Invitations,,
Invitations,,
Invitations,,
Invitations,,
Invitations,,
Invitations,,
Invitations,,
Plein tarif,Savièse,1965
Plein tarif,Martigny,1920
Plein tarif,Martigny,1920
Plein tarif,Sion,1950
Plein tarif,Martigny,1920
Plein tarif,Martigny,1920
Plein tarif,Martigny,1920
Plein tarif,Martigny,1920
Invitations,,
Plein tarif,Lausanne,1007
Plein tarif,Martigny,1920
Plein tarif,Martigny,1920
Plein tarif,Sion,1950
Plein tarif,Sion,1950
Plein tarif,Vernayaz,1904
Plein tarif,Vernayaz,1904
Plein tarif,Martigny-Croix,1921
Plein tarif,Martigny-Croix,1921
Plein tarif,Martigny-Croix,1921
Plein tarif,Vétroz,1963
Plein tarif,Martigny,1920
Plein tarif,Martigny,1920
Plein tarif,Renens VD,1020
Plein tarif,Morgins,1875
Plein tarif,Martigny,190
Plein tarif,Martigny,1920
Plein tarif,Martigny,1920
Plein tarif,Martigny,1920
Plein tarif,Martigny,1920
Plein tarif,Pruine,12320
Plein tarif,Pruine,12320
Plein tarif,Charrat,1906
Plein tarif,Martigny,1920
Plein tarif,Martigny,1920
Plein tarif,Martigny,1920
Plein tarif,Martigny,1920
Plein tarif,Martigny,1920
Plein tarif,Evionnaz,1902
Plein tarif,Ollon VS,3971
Plein tarif,Martigny,1920
Plein tarif,Martigny,1920
Plein tarif,Zurich,8004
Plein tarif,Ayent,1966
Plein tarif,Lausanne,1004
Plein tarif,Lausanne,1004
Plein tarif,Martigny,1920
Plein tarif,Martigny,1920
Plein tarif,Arbaz,1974
Plein tarif,Massongex,1869
Plein tarif,Vouvry,1896
Plein tarif,Choëx,1871
Plein tarif,Savièse,1965
Plein tarif,Savièse,1965
Plein tarif,Savièse,1965
Plein tarif,Sion,1950
Plein tarif,Bramois,1967
Plein tarif,Saxon,1907
Plein tarif,Saxon,1907
Plein tarif,Saxon,1907
Plein tarif,Saxon,1907
Plein tarif,Leytron,1912
Plein tarif,Leytron,1912
Plein tarif,Lausanne,1006
Plein tarif,Martigny,1920
Plein tarif,Vevey,1800
Plein tarif,Vevey,1800
Plein tarif,Vernayaz,1904
Plein tarif,Savièse,1965
Plein tarif,Fully,1926
Plein tarif,Fully,1926
Plein tarif,Charrat,1906
Plein tarif,Charrat,1906
Plein tarif,Charrat,1906
Tarif enfant,,
Tarif enfant,,
Tarif enfant,,
Tarif enfant,Sierre,3960
Tarif enfant,Sierre,3960
Tarif enfant,Sierre,3960
Plein tarif,Nyon,1260
Plein tarif,Martigny,1920
Plein tarif,Martigny,1920
Tarif enfant,,
Tarif enfant,,
Plein tarif,Martigny,1920
Plein tarif,Martigny-croix,1921
Plein tarif,Sion,1950
Plein tarif,Marécottes,1923
Plein tarif,Marécottes,1923
Plein tarif,Marécottes,1923
Plein tarif,Bruson,1934
Plein tarif,Sembrancher,1933
Plein tarif,Martigny,1920
Plein tarif,Martigny,1920
Plein tarif,Zinal,3961
Plein tarif,Zinal,3961
Plein tarif,Zinal,3961
Plein tarif,Zinal,3961
Plein tarif,Zinal,3961
Plein tarif,Zinal,3961
Plein tarif,Zinal,3961
Plein tarif,Zinal,3961
Plein tarif,Zinal,3961
Plein tarif,Ardon,1957
Plein tarif,Sion,1950
Plein tarif,Sion,1950
Plein tarif,Les Marécottes,1923
Plein tarif,Les Marécottes,1923
Plein tarif,Yvorne,1853
Plein tarif,Vevey,1800
Plein tarif,Pont-de-la-morge,1962
Plein tarif,Saxon,1907
Plein tarif,Ovronnaz,1911
Plein tarif,Ovronnaz,1911
Plein tarif,Ovronnaz,1911
Plein tarif,Lausanne,1010
Plein tarif,Antagnes,1867
Plein tarif,Antagnes,1867