CATEGORY,CITY
Plein tarif,Uvrier
Plein tarif,Uvrier
Plein tarif,Sion
Plein tarif,Sion
Plein tarif,Finhaut
Plein tarif,Finhaut
Plein tarif,Vérossaz
Plein tarif,Vérossaz
Plein tarif,Vétroz
Plein tarif,Vétroz
Plein tarif,Sion
Plein tarif,Sion
Plein tarif,Sion
Plein tarif,Sion
Plein tarif,Sion
Plein tarif,Saviese
Plein tarif,Saviese
Plein tarif,Chermignon-d'en-Bas
Plein tarif,Chermignon-d'en-Bas
Plein tarif,Savièse
Plein tarif,Savièse
Plein tarif,Savièse
Plein tarif,Savièse
Plein tarif,Sion
Plein tarif,Sion
Plein tarif,Sion
Plein tarif,Sion
Plein tarif,Riddes
Plein tarif,Riddes
Plein tarif,Bournens
Plein tarif,Bournens
Plein tarif,Vétroz
Plein tarif,Vétroz
Plein tarif,Sion
Plein tarif,Sion
Plein tarif,Haute-Nendaz
Plein tarif,Cully
Plein tarif,Cully
Plein tarif,Chippis
Plein tarif,Saint-Martin
Plein tarif,Saint-Martin
Plein tarif,Saint-Martin
Plein tarif,Saint-Martin
Plein tarif,Aven
Plein tarif,Aven
Plein tarif,Sion
Plein tarif,Sion
Plein tarif,Sion
Plein tarif,Assens
Plein tarif,Assens
Plein tarif,Assens
Plein tarif,Martigny
Plein tarif,Crans Montana
Plein tarif,Crans Montana
Plein tarif,NENDAZ
Plein tarif,NENDAZ
Plein tarif,Fully
Plein tarif,Fully
Plein tarif,Jongny
Plein tarif,Jongny
Plein tarif,Sion
Plein tarif,Sion
Plein tarif,Ayent
Plein tarif,Ayent
Plein tarif,Lausanne
Plein tarif,Lausanne
Plein tarif,Bramois
Plein tarif,Bramois
Plein tarif,Genève
Plein tarif,Genève
Plein tarif,Vevey
Plein tarif,Vevey
Plein tarif,Hautemorges
Plein tarif,Hautemorges
Plein tarif,Sion
Plein tarif,Romanel
Plein tarif,Romanel
Plein tarif,Romanel
Plein tarif,Assens
Plein tarif,Sion
Plein tarif,Sion
Plein tarif,Lausanne VD
Plein tarif,Lausanne VD
Plein tarif,Martigny
Plein tarif,Martigny
Plein tarif,Martigny
Plein tarif,Martigny
Plein tarif,Lausanne
Plein tarif,Lausanne
Plein tarif,Fribourg
Plein tarif,Lausanne
Plein tarif,Lausanne
Plein tarif,Montreux
Plein tarif,Montreux
Plein tarif,Lausanne
Plein tarif,Lausanne
Plein tarif,Martigny
Plein tarif,Sion
Plein tarif,Sion
Plein tarif,Miège
Plein tarif,Miège
Plein tarif,Miège
Plein tarif,Miège
Plein tarif,France
Plein tarif,Vevey
Plein tarif,Vevey
Plein tarif,Sion
Plein tarif,Sion
Plein tarif,Sion
Plein tarif,Sion
Plein tarif,Suen
Plein tarif,Suen
Plein tarif,Bramois
Plein tarif,Bramois
Plein tarif,Lausanne
Plein tarif,Lausanne
Plein tarif,Salvan
Plein tarif,Salvan
Plein tarif,Salvan
Plein tarif,Sion
Plein tarif,Lausanne
Plein tarif,Lausanne
Plein tarif,Lausanne
Plein tarif,Lausanne
Plein tarif,Alle
Plein tarif,Puidoux
Plein tarif,Savigny
Plein tarif,Savièse
Plein tarif,Savièse
Plein tarif,Savièse
Plein tarif,Fully
Plein tarif,Venthône
Plein tarif,Venthône
Plein tarif,St-Pierre-de-Clages
Plein tarif,Saxon
Plein tarif,Ovronnaz
Plein tarif,Ovronnaz
Plein tarif,Sainte-Anne-des-Monts
Plein tarif,Arbaz
Plein tarif,Arbaz
Plein tarif,Flanthey
Plein tarif,Flanthey
Plein tarif,Flanthey
Plein tarif,Flanthey
Plein tarif,Salgesch
Plein tarif,Sion
Plein tarif,Sion
Plein tarif,Sion
Plein tarif,Sion
Plein tarif,st.niklaus
Plein tarif,Sion
Plein tarif,Sion
Plein tarif,FRIBOURG
Plein tarif,FRIBOURG
Plein tarif,Chermignon-d'en-bas
Plein tarif,Chermignon-d'en-bas
Plein tarif,Champlan
Plein tarif,Champlan
Plein tarif,Martigny
Plein tarif,Martigny
Plein tarif,Sion
Plein tarif,Sion
Plein tarif,Martigny
Plein tarif,Martigny
Plein tarif,Volleges
Plein tarif,Volleges
Plein tarif,Martigny
Plein tarif,Martigny
Plein tarif,la place (Ayent)
Plein tarif,la place (Ayent)
Plein tarif,Vevey
Plein tarif,Vevey
Plein tarif,Vevey
Plein tarif,Renens VD
Plein tarif,Renens VD
Plein tarif,Grimisuat
Plein tarif,Grimisuat
Plein tarif,Yverdon
Plein tarif,Yverdon
Plein tarif,Lausanne
Plein tarif,Sion
Plein tarif,Sion
Plein tarif,Sion
Plein tarif,Lausanne
Plein tarif,Lausanne
Plein tarif,Vevey
Plein tarif,Lausanne
Plein tarif,Lausanne
Plein tarif,Corsier-sur-Vevey
Plein tarif,Corsier-sur-Vevey
Plein tarif,Lausanne
Plein tarif,Lausanne
Plein tarif,Chamoille (Sembrancher)
Plein tarif,Chamoille (Sembrancher)
Plein tarif,Chamoille (Sembrancher)
Plein tarif,Lausanne
Plein tarif,Lausanne
Plein tarif,Lausanne
Plein tarif,Sion
Plein tarif,Sion
Plein tarif,Pully
Plein tarif,Pully
Plein tarif,Trélex
Plein tarif,Plan-les-Ouates
Plein tarif,Plan-les-Ouates
Plein tarif,Sion
Plein tarif,Sion
Plein tarif,Sion
Plein tarif,Genève
Plein tarif,Genève
Tarif enfant,Genève
Plein tarif,Lausanne
Plein tarif,Neuchâtel
Plein tarif,Neuchâtel
Plein tarif,Neuchâtel
Plein tarif,Sion
Plein tarif,Sion
Plein tarif,Sion
Plein tarif,Bienne
Invitation,
Invitation,
Invitation,
Invitation,
Plein tarif,Beuson (Nendaz)
Plein tarif,Beuson (Nendaz)
Plein tarif,Sion
Invitation,
Invitation,
Invitation,
Invitation,
Invitation,
Invitation,
Invitation,
Invitation,
Invitation,
Invitation,
Plein tarif,Bramois
Plein tarif,Bramois
Plein tarif,Lausanne
Plein tarif,Lausanne
Plein tarif,Luc (Ayent)
Plein tarif,Luc (Ayent)
Plein tarif,Heremence
Plein tarif,Heremence
Plein tarif,Botyre (Ayent)
Plein tarif,Aproz
Plein tarif,Lausanne
Plein tarif,Lausanne
Plein tarif,Sion
Plein tarif,Sion
Plein tarif,Sion
Plein tarif,Sion
Plein tarif,Ollon VS
Plein tarif,Ollon VS
Plein tarif,Zürich
Plein tarif,Zürich
Plein tarif,Zürich
Plein tarif,Zürich
Plein tarif,Zürich
Plein tarif,Zürich
Plein tarif,Zürich
Plein tarif,Zürich
Plein tarif,Zürich
Plein tarif,Zürich
Plein tarif,Zürich
Plein tarif,Zürich
Plein tarif,Bramois
Plein tarif,Bramois
Plein tarif,Etoy
Plein tarif,Sion
Plein tarif,Sion
Plein tarif,Lausanne
Plein tarif,Lausanne
Plein tarif,Sion
Plein tarif,Conthey
Invitation,
Invitation,
Invitation,
Invitation,
Invitation,
Invitation,
Invitation,
Invitation,
Invitation,
Invitation,
Invitation,
Invitation,
Invitation,
Invitation,
Plein tarif,Nax
Plein tarif,Nax
Plein tarif,Venthône
Plein tarif,Venthône
Plein tarif,Lausanne
Plein tarif,Lausanne
Plein tarif,Sion
Plein tarif,Sion
Plein tarif,Grimisuat
Plein tarif,Grimisuat
Plein tarif,Le chable
Plein tarif,Le chable
Plein tarif,Le chable
Plein tarif,Le chable
Plein tarif,Bolligen
Plein tarif,Bolligen
Plein tarif,Etrembières
Plein tarif,Etrembières
Plein tarif,sion
Plein tarif,sion
Plein tarif,Ayent
Plein tarif,Ayent
Plein tarif,Ayent
Plein tarif,Sion
Plein tarif,Champanges
Plein tarif,Champanges
Plein tarif,Lutry
Plein tarif,Lutry
Plein tarif,Agiez
Plein tarif,Agiez
Plein tarif,Crésuz
Plein tarif,Crésuz
Plein tarif,Sion
Plein tarif,Sion
Plein tarif,Fully
Plein tarif,Fully
Plein tarif,Saint-Saphorin
Plein tarif,Fribourg
Plein tarif,Fribourg
Plein tarif,Renens
Plein tarif,Conthey
Plein tarif,Orbe
Plein tarif,Orbe
Plein tarif,Lausanne
Plein tarif,Lausanne
Plein tarif,Sion
Plein tarif,Sion
Plein tarif,Bulle
Plein tarif,Neuchâtel
Plein tarif,Neuchâtel
Plein tarif,Vuisternens devant Romont
Plein tarif,Vuisternens devant Romont
Plein tarif,Lausanne
Plein tarif,Beuson
Plein tarif,Beuson
Plein tarif,Beuson
Plein tarif,Lausanne
Plein tarif,Lausanne
Plein tarif,Vernamiège
Plein tarif,Vernamiège
Plein tarif,Neuchâtel
Plein tarif,Neuchâtel
Plein tarif,Fribourg
Plein tarif,Fribourg
Plein tarif,Fribourg
Invitation,
Invitation,
Invitation,
Invitation,
Invitation,
Invitation,
Invitation,
Invitation,
Plein tarif,Corin
Plein tarif,Corin
Plein tarif,Corin
Plein tarif,Finhaut
Plein tarif,Finhaut
Plein tarif,Les Sciernes d'Albeuve
Plein tarif,Les Sciernes d'Albeuve
Plein tarif,Sion
Plein tarif,Sion
Plein tarif,Bern
Plein tarif,Sion
Plein tarif,Sion
Plein tarif,Sion
Plein tarif,Sion
Plein tarif,Sion
Plein tarif,Sion
Plein tarif,Sierre
Plein tarif,Sierre
Plein tarif,Ardon
Plein tarif,Martigny
Plein tarif,Martigny
Plein tarif,Sion
Plein tarif,Sion
Plein tarif,Neuchâtel
Plein tarif,Neuchâtel
Plein tarif,Champéry
Plein tarif,Champéry
Plein tarif,Bramois
Plein tarif,Crissier
Plein tarif,Crissier
Plein tarif,Grimisuat
Plein tarif,Grimisuat
Plein tarif,Sion
Plein tarif,Sion
Plein tarif,Lausanne
Plein tarif,Lausanne
Plein tarif,Sion
Plein tarif,Sion
Plein tarif,Martigny
Plein tarif,Martigny
Plein tarif,Auboranges
Plein tarif,Auboranges
Plein tarif,Savièse
Plein tarif,Savièse
Plein tarif,Sierre
Plein tarif,Martigny
Plein tarif,Lausanne
Plein tarif,Lausanne
Plein tarif,Sion
Plein tarif,Sion
Plein tarif,Saint-Gingolph
Plein tarif,Saint-Gingolph
Plein tarif,FULLY
Plein tarif,FULLY
Plein tarif,Martigny
Plein tarif,Lausanne
Plein tarif,Grimentz
Plein tarif,Grimentz
Plein tarif,Grimentz
Plein tarif,Grimentz
Plein tarif,Saint-Gingolph
Plein tarif,St-Romain (Ayent)
Plein tarif,St-Romain (Ayent)
Plein tarif,Ravoire
Plein tarif,Sion
Plein tarif,Sion
Plein tarif,Ovronnaz
Plein tarif,Puidoux
Plein tarif,Sion
Plein tarif,Sion
Plein tarif,Bruson
Plein tarif,Bruson
Plein tarif,Bruson
Plein tarif,Bruson
Plein tarif,Genève
Plein tarif,Sion
Plein tarif,Sion
Plein tarif,Sion
Plein tarif,Sion
Plein tarif,Sullens
Plein tarif,Sullens
Plein tarif,Yvonand
Plein tarif,Bâle
Invitation,Bruson
Invitation,Bruson
Invitation,Bruson
Invitation,Bruson
Invitation,0
Invitation,0
Plein tarif,Sion
Plein tarif,Sion
Plein tarif,Conthey
Plein tarif,Conthey
Plein tarif,Conthey
Plein tarif,Eison
Plein tarif,Eison
Plein tarif,Pully
Plein tarif,Pully
Plein tarif,Sion
Plein tarif,Le chable
Plein tarif,Bramois
Plein tarif,Bramois
Plein tarif,Sion
Plein tarif,Sion
Invitation,
Invitation,
Invitation,
Invitation,
Invitation,
Invitation,
Plein tarif,Chemin
Plein tarif,Sion
Plein tarif,Sion
Plein tarif,Bulle
Plein tarif,Bulle
Plein tarif,Bramois
Plein tarif,Bramois
Plein tarif,Geneve
Plein tarif,Geneve
Plein tarif,Genève
Plein tarif,Carouge
Plein tarif,Carouge
Plein tarif,Carouge
Plein tarif,Pully
Plein tarif,Pully
Plein tarif,Montreux
Plein tarif,Montreux
Plein tarif,Martigny
Plein tarif,Martigny
Plein tarif,Saint-Maurice
Plein tarif,Attalens
Plein tarif,Attalens
Plein tarif,Martigny
Plein tarif,Martigny
Plein tarif,Miège
Plein tarif,Miège
Plein tarif,Salvan
Plein tarif,Salvan
Plein tarif,Salvan
Plein tarif,PARIS
Plein tarif,PARIS
Invitation,Lausanne
Invitation,Lausanne
Invitation,Lausanne
Invitation,Lausanne
Plein tarif,Conthey
Plein tarif,Drône
Plein tarif,Drône
Plein tarif,Bramois
Plein tarif,Lausanne
Plein tarif,Sion
Plein tarif,Sion
Plein tarif,Lausanne
Plein tarif,Lausanne
Plein tarif,Bramois
Plein tarif,Nendaz
Plein tarif,Genève
Plein tarif,Evionnaz
Plein tarif,Evionnaz
Plein tarif,Glion
Plein tarif,Mission
Plein tarif,Mission
Plein tarif,Renens
Plein tarif,Renens
Plein tarif,Renens
Plein tarif,Mayens-de-la-Zour / Savièse
Plein tarif,Mayens-de-la-Zour / Savièse
Plein tarif,Genève
Plein tarif,Genève
Plein tarif,Salvan
Plein tarif,Salvan
Plein tarif,Salvan
Plein tarif,Champlan
Plein tarif,Champlan
Plein tarif,Ardon
Plein tarif,Montenol
Plein tarif,Anzere
Plein tarif,Villars-sur-Glâne
Plein tarif,Clarens
Plein tarif,Clarens
Plein tarif,Les Granges
Plein tarif,Les Granges
Plein tarif,Lausanne
Plein tarif,Territet
Plein tarif,Territet
Plein tarif,Haute-Nendaz
Plein tarif,Basse-Nendaz
Plein tarif,Grimisuat
Invitation,
Invitation,
Invitation,
Invitation,
Plein tarif,Sion
Plein tarif,Haute-Nendaz
Plein tarif,Basse-Nendaz
Plein tarif,Martigny
Plein tarif,Les Plans-sur-Bex
Plein tarif,Vevey
Plein tarif,Vevey
Plein tarif,Haute-Nendaz
Plein tarif,Sornard
Plein tarif,Sion
Plein tarif,Bramois
Plein tarif,Troistorrents
Plein tarif,Troistorrents
Plein tarif,Fribourg
Plein tarif,Lausanne
Plein tarif,Nendaz
Plein tarif,Corin
Plein tarif,Corin
Plein tarif,Chavannes-près-Renens
Plein tarif,Chavannes-près-Renens
Plein tarif,Saint-Leonard
Plein tarif,Saint-Leonard
Plein tarif,Lausanne
Plein tarif,Lausanne
Plein tarif,Lausanne
Invitation,
Invitation,
Plein tarif,Vérossaz
Plein tarif,Saint Légier
Plein tarif,Saint Légier
Plein tarif,Nyon
Plein tarif,Fribourg
Plein tarif,Pully
Plein tarif,Corseaux
Plein tarif,Suisse
Plein tarif,Suisse
Plein tarif,Suisse
Plein tarif,Suisse
Plein tarif,Suisse
Plein tarif,Sion
Plein tarif,Sion
Plein tarif,Verbier
Plein tarif,St-Léonard
Plein tarif,THOIRY
Plein tarif,Rivaz
Plein tarif,Rivaz
Plein tarif,Sierre
Plein tarif,Sion
Plein tarif,Sion
Plein tarif,Sierre
Plein tarif,Montana
Plein tarif,Sion
Plein tarif,Vevey
Plein tarif,Vex
Plein tarif,Vex
Plein tarif,Neuchâtel
Plein tarif,Neuchâtel
Plein tarif,Sion
Plein tarif,Les Agettes
Plein tarif,Lausanne
Plein tarif,Sion
Plein tarif,Les Marécottes
Plein tarif,Les Marécottes
Invitation,
Billets de côté concours Le Temps,
Billets de côté concours Le Temps,
Billets de côté concours Le Temps,
Billets de côté concours Le Temps,
Billets de côté concours Le Temps,
Billets de côté concours Le Temps,
Billets de côté concours Le Temps,
Billets de côté concours Le Temps,
Billets de côté concours Le Temps,
Billets de côté concours Le Temps,
Plein tarif,Sion
Plein tarif,Sion
Plein tarif,Denges
Plein tarif,Denges
Plein tarif,Sion
Plein tarif,Sion
Plein tarif,Satigny
Plein tarif,Satigny
Plein tarif,Geneve
Plein tarif,Geneve
Plein tarif,Fully
Plein tarif,Fully
Plein tarif,Savigny
Plein tarif,Savigny
Plein tarif,Savigny
Plein tarif,Berlin
Plein tarif,Berlin
Plein tarif,Berlin
Plein tarif,Savièse
Plein tarif,Savièse
Plein tarif,Sierre
Plein tarif,Bramois
Plein tarif,Bramois
Plein tarif,Savièse
Plein tarif,Savièse
Plein tarif,Vétroz
Plein tarif,Vétroz
Plein tarif,Chemin
Plein tarif,Chemin
Plein tarif,Savièse
Plein tarif,Sion
Plein tarif,Sion
Plein tarif,Sion
Plein tarif,Lausanne
Plein tarif,Lausanne
Plein tarif,Vevey
Plein tarif,Lausanne
Plein tarif,Lausanne
Plein tarif,Drônes
Plein tarif,Fillinges
Plein tarif,Fillinges
Plein tarif,Fillinges
Plein tarif,Genève
Plein tarif,Genève
Plein tarif,Sion
Plein tarif,Sion
Plein tarif,Villard-sur-Chamby
Plein tarif,Hérémence
Plein tarif,St-Séverin
Plein tarif,Ravoire
Plein tarif,Cheyres
Plein tarif,Vétroz
Plein tarif,Vétroz
Plein tarif,La Chaux-de-Fonds
Plein tarif,La Chaux-de-Fonds
Plein tarif,Lausanne
Plein tarif,Fribourg
Plein tarif,Sion
Plein tarif,Zurich
Plein tarif,Zurich
Plein tarif,Vérossaz
Plein tarif,Douvaine
Plein tarif,Lausanne
Plein tarif,Orbe
Plein tarif,Fribourg
Plein tarif,Fribourg
Plein tarif,sion
Plein tarif,sion
Plein tarif,Sion
Plein tarif,Sion
Tarif enfant,Sion
Tarif enfant,Sion
Plein tarif,Sierre
Plein tarif,Sierre
Plein tarif,Huémoz
Plein tarif,Sion
Plein tarif,Sion
Plein tarif,Savièse
Plein tarif,Lausanne
Plein tarif,Sion
Plein tarif,Réchy
Plein tarif,Bernex
Plein tarif,Bernex
Plein tarif,sion
Plein tarif,sion
Plein tarif,Fully
Plein tarif,Fully
Plein tarif,Sion
Plein tarif,Ollon
Plein tarif,Ollon
Plein tarif,Erde
Plein tarif,Erde
Plein tarif,Chexbres
Plein tarif,Chexbres
Plein tarif,Ecublens
Plein tarif,Ecublens
Plein tarif,Vétroz
Plein tarif,Vevey
Invitation,Sion
Plein tarif,Sion
Plein tarif,Sion
Plein tarif,Sion
Invitation,
Invitation,
Plein tarif,Moutier
Plein tarif,Muraz Sierre
Plein tarif,Muraz Sierre
Plein tarif,Corin
Plein tarif,Ollon
Plein tarif,Sion
Plein tarif,Grimisuat
Plein tarif,Grimisuat
Plein tarif,Sion
Plein tarif,St Aubin
Plein tarif,Satigny
Plein tarif,Satigny
Plein tarif,Satigny
Plein tarif,Satigny
Plein tarif,Saillon
Plein tarif,Conthey
Plein tarif,Bramois
Plein tarif,Bramois
Plein tarif,Martigny
Invitation,
Invitation,
Invitation,
Invitation,
Plein tarif,Neuchâtel
Plein tarif,Neuchâtel
Plein tarif,Sion
Plein tarif,Sion
Plein tarif,Noës
Plein tarif,Uvrier
Plein tarif,Uvrier
Plein tarif,Uvrier
Plein tarif,Uvrier
Invitation,Bruson
Invitation,Bruson
Plein tarif,Lausanne
Plein tarif,Lausanne
Plein tarif,Sion
Plein tarif,Sierre
Plein tarif,St-leonard
Plein tarif,Ravoire
Plein tarif,Conthey
Plein tarif,Conthey
Plein tarif,Leuk Stadt
Plein tarif,Zürich
Plein tarif,Zürich
Plein tarif,Sierre
Plein tarif,Sion
Plein tarif,Sion
Plein tarif,Nax
Plein tarif,Massongex
Plein tarif,Sion
Plein tarif,Sion
Plein tarif,Chemin
Plein tarif,Sion
Plein tarif,Aigle
Plein tarif,Chens sur Léman
Plein tarif,Veysonnaz
Plein tarif,Sion
Plein tarif,Uvrier
Plein tarif,Flanthey
Plein tarif,Flanthey
Plein tarif,Flanthey
Plein tarif,Zwolle
Plein tarif,Grône
Plein tarif,Sierre
Plein tarif,Sierre
Plein tarif,Veysonnaz
Plein tarif,Sion
Invitation,
Invitation,
Invitation,
Invitation,
Invitation,
Invitation,
Tarif enfant,Neuchâtel
Plein tarif,Genève
Plein tarif,Genève
Plein tarif,Monthey
Plein tarif,Saillon
Plein tarif,Saillon
Plein tarif,Neuchâtel
Plein tarif,Neuchâtel
Plein tarif,Sion
Plein tarif,Sion
Plein tarif,Sion
Plein tarif,Sion
Plein tarif,Sion
Plein tarif,Sion
Plein tarif,Sion
Plein tarif,Fribourg
Plein tarif,Fribourg
Plein tarif,Sion
Plein tarif,Bramois
Plein tarif,Sion
Plein tarif,Sion
Plein tarif,Ovronnaz
Plein tarif,Sion
Plein tarif,Saillon
Plein tarif,Saillon
Plein tarif,Saillon
Plein tarif,Saillon
Plein tarif,Barcelona
Plein tarif,Sion
Plein tarif,Sion
Plein tarif,VEVEY
Plein tarif,VEVEY
Plein tarif,Savièse
Plein tarif,Chemin
Plein tarif,Fully
Plein tarif,Fully
Plein tarif,Ellikon an der Thur
Plein tarif,Ellikon an der Thur
Plein tarif,Ellikon an der Thur
Plein tarif,Ellikon an der Thur
Plein tarif,Sion
Plein tarif,Sion
Plein tarif,Sion
Invitation,
Invitation,
Plein tarif,St-Séverin
Invitation,
Invitation,
Plein tarif,Sierre
Plein tarif,Sierre
Plein tarif,Saint-Severin
Plein tarif,Sion
Plein tarif,Saint Séverin
Plein tarif,Saint Séverin
Plein tarif,Charrat
Plein tarif,Savièse
Plein tarif,Gressy
Plein tarif,Miège
Plein tarif,sion
Plein tarif,sion
Plein tarif,Ayent
Plein tarif,Sion
Plein tarif,Sion
Plein tarif,Sion
Plein tarif,Lausanne
Invitation,Sion